"Time","__name__","activity_factor","agent_id","average_daily_volume","average_roundtrip_volume","base_balance","base_collateral","base_loan","combined_score","exported_netuid","hotkey","id","instance","inventory_value","inventory_value_change","job","kappa","kappa_penalty","kappa_score","min_daily_volume","min_roundtrip_volume","miner_gauge_name","netuid","placement","pnl","pnl_change","pnl_factor","pnl_score","quote_balance","quote_collateral","quote_loan","score","sim_id","task","total_daily_volume","total_realized_pnl","total_roundtrip_volume","unnormalized_score","wallet","Value"
2026-05-27 10:00:14.000,miners,0,0,0,0,8246,0,0,None,79,5EWwdZB7qCCMaAso5Mzcks4UUcPxKYvpAj32t5Mg1v6HSxoF,0,84.32.70.8:9001,-87641,-42.6,bittensor,None,None,None,0,0,miners,79,240,-38247,-42.6,1,None,3926345,0,0,0,20260521_0718,validator_metrics,0,0,0,0,5EWwdZB7qCCMaAso5Mzcks4UUcPxKYvpAj32t5Mg1v6HSxoF,1.00
2026-05-27 10:00:14.000,miners,0,11,925,440,8435,0,0,None,79,5EWwdZB7qCCMaAso5Mzcks4UUcPxKYvpAj32t5Mg1v6HSxoF,0,84.32.70.8:9001,-27961,-42.8,bittensor,None,None,None,0,0,miners,79,247,-27961,-42.8,1,None,3869486,0,0,0,20260521_0718,validator_metrics,118377,19.6,56366,0,5EWwdZB7qCCMaAso5Mzcks4UUcPxKYvpAj32t5Mg1v6HSxoF,1.00
2026-05-27 10:00:14.000,miners,0,113,0,0,8428,0,0,None,79,5EWwdZB7qCCMaAso5Mzcks4UUcPxKYvpAj32t5Mg1v6HSxoF,0,84.32.70.8:9001,-91085,-44.7,bittensor,None,None,None,0,0,miners,79,244,-91085,-44.7,1,None,3871698,0,0,0,20260521_0718,validator_metrics,0,0,0,0,5EWwdZB7qCCMaAso5Mzcks4UUcPxKYvpAj32t5Mg1v6HSxoF,1.00
2026-05-27 10:00:14.000,miners,0,114,111646,52587,10946,0,0,None,79,5EWwdZB7qCCMaAso5Mzcks4UUcPxKYvpAj32t5Mg1v6HSxoF,0,84.32.70.8:9001,-22463,-58.8,bittensor,None,None,None,48295,14466,miners,79,243,-22463,-58.8,1,None,3138957,0,0,0,20260521_0718,validator_metrics,14290712,-13524,6731112,0,5EWwdZB7qCCMaAso5Mzcks4UUcPxKYvpAj32t5Mg1v6HSxoF,1.00
2026-05-27 10:00:14.000,miners,0,115,17146,1304,14325,0,0,None,79,5EWwdZB7qCCMaAso5Mzcks4UUcPxKYvpAj32t5Mg1v6HSxoF,0,84.32.70.8:9001,-7895,-66.4,bittensor,None,None,None,1532,0,miners,79,223,-7895,-66.4,1,None,2166546,0,0,2.51e-15,20260521_0718,validator_metrics,2194659,6405,166954,0,5EWwdZB7qCCMaAso5Mzcks4UUcPxKYvpAj32t5Mg1v6HSxoF,1.00
2026-05-27 10:00:14.000,miners,0,125,20310,3901,2858,0,0,None,79,5EWwdZB7qCCMaAso5Mzcks4UUcPxKYvpAj32t5Mg1v6HSxoF,0,84.32.70.8:9001,-11235,-18.5,bittensor,None,None,None,4891,1181,miners,79,218,-11235,-18.5,1,None,5492805,0,0,5.34e-14,20260521_0718,validator_metrics,2599715,767,499296,0,5EWwdZB7qCCMaAso5Mzcks4UUcPxKYvpAj32t5Mg1v6HSxoF,1.00
2026-05-27 10:00:14.000,miners,0,127,22426,4669,2829,0,0,None,79,5EWwdZB7qCCMaAso5Mzcks4UUcPxKYvpAj32t5Mg1v6HSxoF,0,84.32.70.8:9001,-469,-13.7,bittensor,None,None,None,6338,2248,miners,79,211,-469,-13.7,1,None,5503185,0,0,2.21e-13,20260521_0718,validator_metrics,2870547,1562,597681,0,5EWwdZB7qCCMaAso5Mzcks4UUcPxKYvpAj32t5Mg1v6HSxoF,1.00
2026-05-27 10:00:14.000,miners,0,138,20479,839,40.8,0,0,None,79,5EWwdZB7qCCMaAso5Mzcks4UUcPxKYvpAj32t5Mg1v6HSxoF,0,84.32.70.8:9001,-12835,0.112,bittensor,None,None,None,4721,0,miners,79,213,-12835,0.112,1,None,6323085,0,0,1.45e-13,20260521_0718,validator_metrics,2621332,249,107447,0,5EWwdZB7qCCMaAso5Mzcks4UUcPxKYvpAj32t5Mg1v6HSxoF,1.00
2026-05-27 10:00:14.000,miners,0,166,9973,0,4279,0,0,None,79,5EWwdZB7qCCMaAso5Mzcks4UUcPxKYvpAj32t5Mg1v6HSxoF,0,84.32.70.8:9001,-43981,-18.9,bittensor,None,None,None,0,0,miners,79,238,-43981,-18.9,1,None,5087013,0,0,0,20260521_0718,validator_metrics,1276584,0,0,0,5EWwdZB7qCCMaAso5Mzcks4UUcPxKYvpAj32t5Mg1v6HSxoF,1.00
2026-05-27 10:00:14.000,miners,0,169,0,0,8128,0,0,None,79,5EWwdZB7qCCMaAso5Mzcks4UUcPxKYvpAj32t5Mg1v6HSxoF,0,84.32.70.8:9001,-51174,-44.2,bittensor,None,None,None,0,0,miners,79,246,-51174,-44.2,1,None,3961507,0,0,0,20260521_0718,validator_metrics,0,0,0,0,5EWwdZB7qCCMaAso5Mzcks4UUcPxKYvpAj32t5Mg1v6HSxoF,1.00
2026-05-27 10:00:14.000,miners,0,176,17426,445,789,0,0,None,79,5EWwdZB7qCCMaAso5Mzcks4UUcPxKYvpAj32t5Mg1v6HSxoF,0,84.32.70.8:9001,-1412,-4.43,bittensor,None,None,None,314,69.1,miners,79,216,-1412,-4.43,1,None,6111280,0,0,5.98e-14,20260521_0718,validator_metrics,2230583,102,56965,0,5EWwdZB7qCCMaAso5Mzcks4UUcPxKYvpAj32t5Mg1v6HSxoF,1.00
2026-05-27 10:00:14.000,miners,0,181,16833,2328,12960,0,0,None,79,5EWwdZB7qCCMaAso5Mzcks4UUcPxKYvpAj32t5Mg1v6HSxoF,0,84.32.70.8:9001,-4115,-62.3,bittensor,None,None,None,211,0,miners,79,210,-4115,-62.3,1,None,2568796,0,0,1.43e-12,20260521_0718,validator_metrics,2154648,7070,297985,0,5EWwdZB7qCCMaAso5Mzcks4UUcPxKYvpAj32t5Mg1v6HSxoF,1.00
2026-05-27 10:00:14.000,miners,0,183,19343,9487,8339,0,0,None,79,5EWwdZB7qCCMaAso5Mzcks4UUcPxKYvpAj32t5Mg1v6HSxoF,0,84.32.70.8:9001,-33476,-37.2,bittensor,None,None,None,4858,2349,miners,79,214,-33476,-37.2,1,None,3898862,0,0,1.12e-13,20260521_0718,validator_metrics,2475905,256,1214361,0,5EWwdZB7qCCMaAso5Mzcks4UUcPxKYvpAj32t5Mg1v6HSxoF,1.00
2026-05-27 10:00:14.000,miners,0,185,9895,0,4112,0,0,None,79,5EWwdZB7qCCMaAso5Mzcks4UUcPxKYvpAj32t5Mg1v6HSxoF,0,84.32.70.8:9001,-41131,-22.1,bittensor,None,None,None,335,0,miners,79,255,-41131,-22.1,1,None,5137581,0,0,0,20260521_0718,validator_metrics,1266501,0,0,0,5EWwdZB7qCCMaAso5Mzcks4UUcPxKYvpAj32t5Mg1v6HSxoF,1.00
2026-05-27 10:00:14.000,miners,0,195,10540,0,3719,0,0,None,79,5EWwdZB7qCCMaAso5Mzcks4UUcPxKYvpAj32t5Mg1v6HSxoF,0,84.32.70.8:9001,-41784,-21.7,bittensor,None,None,None,0,0,miners,79,242,-41784,-21.7,1,None,5252625,0,0,0,20260521_0718,validator_metrics,1349156,0,0,0,5EWwdZB7qCCMaAso5Mzcks4UUcPxKYvpAj32t5Mg1v6HSxoF,1.00
2026-05-27 10:00:14.000,miners,0,20,8835,3329,8461,0,0,None,79,5EWwdZB7qCCMaAso5Mzcks4UUcPxKYvpAj32t5Mg1v6HSxoF,0,84.32.70.8:9001,-15808,-42.5,bittensor,None,None,None,3542,0,miners,79,222,-15808,-42.5,1,None,3866416,0,0,5.59e-15,20260521_0718,validator_metrics,1130854,-46.5,426142,0,5EWwdZB7qCCMaAso5Mzcks4UUcPxKYvpAj32t5Mg1v6HSxoF,1.00
2026-05-27 10:00:14.000,miners,0,207,3692,1444,8438,0,0,None,79,5EWwdZB7qCCMaAso5Mzcks4UUcPxKYvpAj32t5Mg1v6HSxoF,0,84.32.70.8:9001,-10796,-45.9,bittensor,None,None,None,404,0,miners,79,227,-10796,-45.9,1,None,3868822,0,0,3.52e-16,20260521_0718,validator_metrics,472631,-823,184864,0,5EWwdZB7qCCMaAso5Mzcks4UUcPxKYvpAj32t5Mg1v6HSxoF,1.00
2026-05-27 10:00:14.000,miners,0,233,4454,1271,8962,0,0,None,79,5EWwdZB7qCCMaAso5Mzcks4UUcPxKYvpAj32t5Mg1v6HSxoF,0,84.32.70.8:9001,-7878,-43.7,bittensor,None,None,None,1273,0,miners,79,248,-7878,-43.7,1,None,3720514,0,0,0,20260521_0718,validator_metrics,570107,-164,162667,0,5EWwdZB7qCCMaAso5Mzcks4UUcPxKYvpAj32t5Mg1v6HSxoF,1.00
2026-05-27 10:00:14.000,miners,0,238,14077,0,1763,0,0,None,79,5EWwdZB7qCCMaAso5Mzcks4UUcPxKYvpAj32t5Mg1v6HSxoF,0,84.32.70.8:9001,-84357,-10.8,bittensor,None,None,None,1673,0,miners,79,254,-84357,-10.8,1,None,5862494,0,0,0,20260521_0718,validator_metrics,1801913,0,0,0,5EWwdZB7qCCMaAso5Mzcks4UUcPxKYvpAj32t5Mg1v6HSxoF,1.00
2026-05-27 10:00:14.000,miners,0,242,19843,720,39.9,0,0,None,79,5EWwdZB7qCCMaAso5Mzcks4UUcPxKYvpAj32t5Mg1v6HSxoF,0,84.32.70.8:9001,-2765,0.267,bittensor,None,None,None,6527,0,miners,79,217,-2765,0.267,1,None,6316138,0,0,5.5e-14,20260521_0718,validator_metrics,2539879,-437,92215,0,5EWwdZB7qCCMaAso5Mzcks4UUcPxKYvpAj32t5Mg1v6HSxoF,1.00
2026-05-27 10:00:14.000,miners,0,243,15481,6499,9191,0,0,None,79,5EWwdZB7qCCMaAso5Mzcks4UUcPxKYvpAj32t5Mg1v6HSxoF,0,84.32.70.8:9001,-17912,-43.9,bittensor,None,None,None,8559,1418,miners,79,226,-17912,-43.9,1,None,3645827,0,0,4.79e-16,20260521_0718,validator_metrics,1981632,-508,831828,0,5EWwdZB7qCCMaAso5Mzcks4UUcPxKYvpAj32t5Mg1v6HSxoF,1.00
2026-05-27 10:00:14.000,miners,0,249,1795,609,8129,0,0,None,79,5EWwdZB7qCCMaAso5Mzcks4UUcPxKYvpAj32t5Mg1v6HSxoF,0,84.32.70.8:9001,-60344,-37.5,bittensor,None,None,None,568,0,miners,79,221,-60344,-37.5,1,None,3961203,0,0,1.15e-14,20260521_0718,validator_metrics,229746,-124,77958,0,5EWwdZB7qCCMaAso5Mzcks4UUcPxKYvpAj32t5Mg1v6HSxoF,1.00
2026-05-27 10:00:14.000,miners,0,250,4515,2216,8242,0,0,None,79,5EWwdZB7qCCMaAso5Mzcks4UUcPxKYvpAj32t5Mg1v6HSxoF,0,84.32.70.8:9001,-37508,-44.0,bittensor,None,None,None,2373,1186,miners,79,231,-37508,-44.0,1,None,3927195,0,0,8.77e-17,20260521_0718,validator_metrics,577942,-231,283665,0,5EWwdZB7qCCMaAso5Mzcks4UUcPxKYvpAj32t5Mg1v6HSxoF,1.00
2026-05-27 10:00:14.000,miners,0,253,0,0,8418,0,0,None,79,5EWwdZB7qCCMaAso5Mzcks4UUcPxKYvpAj32t5Mg1v6HSxoF,0,84.32.70.8:9001,-86224,-37.9,bittensor,None,None,None,0,0,miners,79,241,-39421,-37.9,1,None,3874638,0,0,0,20260521_0718,validator_metrics,0,0,0,0,5EWwdZB7qCCMaAso5Mzcks4UUcPxKYvpAj32t5Mg1v6HSxoF,1.00
2026-05-27 10:00:14.000,miners,0,255,14772,0,1718,0,0,None,79,5EWwdZB7qCCMaAso5Mzcks4UUcPxKYvpAj32t5Mg1v6HSxoF,0,84.32.70.8:9001,-79488,-8.13,bittensor,None,None,None,984,0,miners,79,239,-79488,-8.13,1,None,5875567,0,0,0,20260521_0718,validator_metrics,1890792,0,0,0,5EWwdZB7qCCMaAso5Mzcks4UUcPxKYvpAj32t5Mg1v6HSxoF,1.00
2026-05-27 10:00:14.000,miners,0,30,20590,4327,2811,0,0,None,79,5EWwdZB7qCCMaAso5Mzcks4UUcPxKYvpAj32t5Mg1v6HSxoF,0,84.32.70.8:9001,44698,-14.5,bittensor,None,None,None,5648,1015,miners,79,220,44698,-14.5,1,None,5509722,0,0,1.62e-14,20260521_0718,validator_metrics,2635569,-284,553799,0,5EWwdZB7qCCMaAso5Mzcks4UUcPxKYvpAj32t5Mg1v6HSxoF,1.00
2026-05-27 10:00:14.000,miners,0,33,0,0,8246,0,0,None,79,5EWwdZB7qCCMaAso5Mzcks4UUcPxKYvpAj32t5Mg1v6HSxoF,0,84.32.70.8:9001,-85405,-44.6,bittensor,None,None,None,0,0,miners,79,256,-35495,-44.6,1,None,3926243,0,0,0,20260521_0718,validator_metrics,0,0,0,0,5EWwdZB7qCCMaAso5Mzcks4UUcPxKYvpAj32t5Mg1v6HSxoF,1.00
2026-05-27 10:00:14.000,miners,0,43,4275,177,9951,0,0,None,79,5EWwdZB7qCCMaAso5Mzcks4UUcPxKYvpAj32t5Mg1v6HSxoF,0,84.32.70.8:9001,-16368,-49.9,bittensor,None,None,None,553,66.6,miners,79,228,-16368,-49.9,1,None,3435017,0,0,1.35e-16,20260521_0718,validator_metrics,547153,-79.3,22674,0,5EWwdZB7qCCMaAso5Mzcks4UUcPxKYvpAj32t5Mg1v6HSxoF,1.00
2026-05-27 10:00:14.000,miners,0,50,0,0,8181,0,0,None,79,5EWwdZB7qCCMaAso5Mzcks4UUcPxKYvpAj32t5Mg1v6HSxoF,0,84.32.70.8:9001,-83331,-40.5,bittensor,None,None,None,0,0,miners,79,253,-34102,-40.5,1,None,3945840,0,0,0,20260521_0718,validator_metrics,0,0,0,0,5EWwdZB7qCCMaAso5Mzcks4UUcPxKYvpAj32t5Mg1v6HSxoF,1.00
2026-05-27 10:00:14.000,miners,0,54,4785,1138,9511,0,0,None,79,5EWwdZB7qCCMaAso5Mzcks4UUcPxKYvpAj32t5Mg1v6HSxoF,0,84.32.70.8:9001,-19155,-49.9,bittensor,None,None,None,233,0,miners,79,215,-19155,-49.9,1,None,3554240,0,0,6.13e-14,20260521_0718,validator_metrics,612420,563,145602,0,5EWwdZB7qCCMaAso5Mzcks4UUcPxKYvpAj32t5Mg1v6HSxoF,1.00
2026-05-27 10:00:14.000,miners,0,55,8385,0,4613,0,0,None,79,5EWwdZB7qCCMaAso5Mzcks4UUcPxKYvpAj32t5Mg1v6HSxoF,0,84.32.70.8:9001,-123945,-26.2,bittensor,None,None,None,0,0,miners,79,252,-123945,-26.2,1,None,4995512,0,0,0,20260521_0718,validator_metrics,1073278,0,0,0,5EWwdZB7qCCMaAso5Mzcks4UUcPxKYvpAj32t5Mg1v6HSxoF,1.00
2026-05-27 10:00:14.000,miners,0,58,0,0,8376,0,0,None,79,5EWwdZB7qCCMaAso5Mzcks4UUcPxKYvpAj32t5Mg1v6HSxoF,0,84.32.70.8:9001,-88977,-38.4,bittensor,None,None,None,0,0,miners,79,251,-38582,-38.4,1,None,3887053,0,0,0,20260521_0718,validator_metrics,0,0,0,0,5EWwdZB7qCCMaAso5Mzcks4UUcPxKYvpAj32t5Mg1v6HSxoF,1.00
2026-05-27 10:00:14.000,miners,0,7,51936,17319,1203,0,0,None,79,5EWwdZB7qCCMaAso5Mzcks4UUcPxKYvpAj32t5Mg1v6HSxoF,0,84.32.70.8:9001,-31815,-1.95,bittensor,None,None,None,492,0,miners,79,209,-31815,-1.95,1,None,5991631,0,0,5.07e-12,20260521_0718,validator_metrics,6647868,18843,2216768,0,5EWwdZB7qCCMaAso5Mzcks4UUcPxKYvpAj32t5Mg1v6HSxoF,1.00
2026-05-27 10:00:14.000,miners,0,71,12387,0,3326,0,0,None,79,5EWwdZB7qCCMaAso5Mzcks4UUcPxKYvpAj32t5Mg1v6HSxoF,0,84.32.70.8:9001,-110221,-19.8,bittensor,None,None,None,2181,0,miners,79,250,-110221,-19.8,1,None,5393808,0,0,0,20260521_0718,validator_metrics,1585599,0,0,0,5EWwdZB7qCCMaAso5Mzcks4UUcPxKYvpAj32t5Mg1v6HSxoF,1.00
2026-05-27 10:00:14.000,miners,0,72,4302,1341,8753,0,0,None,79,5EWwdZB7qCCMaAso5Mzcks4UUcPxKYvpAj32t5Mg1v6HSxoF,0,84.32.70.8:9001,-22131,-42.1,bittensor,None,None,None,592,0,miners,79,212,-22131,-42.1,1,None,3782287,0,0,1.65e-13,20260521_0718,validator_metrics,550659,513,171699,0,5EWwdZB7qCCMaAso5Mzcks4UUcPxKYvpAj32t5Mg1v6HSxoF,1.00
2026-05-27 10:00:14.000,miners,0,73,19899,725,44.6,0,0,None,79,5EWwdZB7qCCMaAso5Mzcks4UUcPxKYvpAj32t5Mg1v6HSxoF,0,84.32.70.8:9001,-2825,0.259,bittensor,None,None,None,6935,0,miners,79,219,-2825,0.259,1,None,6314578,0,0,4.51e-14,20260521_0718,validator_metrics,2547065,-395,92789,0,5EWwdZB7qCCMaAso5Mzcks4UUcPxKYvpAj32t5Mg1v6HSxoF,1.00
2026-05-27 10:00:14.000,miners,0,74,11726,0,3119,0,0,None,79,5EWwdZB7qCCMaAso5Mzcks4UUcPxKYvpAj32t5Mg1v6HSxoF,0,84.32.70.8:9001,-106084,-14.8,bittensor,None,None,None,1448,0,miners,79,249,-106084,-14.8,1,None,5452731,0,0,0,20260521_0718,validator_metrics,1500898,0,0,0,5EWwdZB7qCCMaAso5Mzcks4UUcPxKYvpAj32t5Mg1v6HSxoF,1.00
2026-05-27 10:00:14.000,miners,0,79,15360,6354,8987,0,0,None,79,5EWwdZB7qCCMaAso5Mzcks4UUcPxKYvpAj32t5Mg1v6HSxoF,0,84.32.70.8:9001,-12410,-45.1,bittensor,None,None,None,7935,72.3,miners,79,224,-12410,-45.1,1,None,3709193,0,0,1.95e-15,20260521_0718,validator_metrics,1966118,-429,813317,0,5EWwdZB7qCCMaAso5Mzcks4UUcPxKYvpAj32t5Mg1v6HSxoF,1.00
2026-05-27 10:00:14.000,miners,0,95,7549,0,4902,0,0,None,79,5EWwdZB7qCCMaAso5Mzcks4UUcPxKYvpAj32t5Mg1v6HSxoF,0,84.32.70.8:9001,-46265,-27.0,bittensor,None,None,None,0,0,miners,79,245,-46265,-27.0,1,None,4909899,0,0,0,20260521_0718,validator_metrics,966323,0,0,0,5EWwdZB7qCCMaAso5Mzcks4UUcPxKYvpAj32t5Mg1v6HSxoF,1.00
2026-05-27 10:00:14.000,miners,0.242,158,20228,9727,8176,40.7,81.4,0,79,5EWwdZB7qCCMaAso5Mzcks4UUcPxKYvpAj32t5Mg1v6HSxoF,0,84.32.70.8:9001,-61466,-39.3,bittensor,0.0000201,0,0,251,91.0,miners,79,229,-61466,-39.3,1,-3.02e-12,3974913,13013,26026,1.21e-16,20260521_0718,validator_metrics,2589231,-86.5,1245072,0,5EWwdZB7qCCMaAso5Mzcks4UUcPxKYvpAj32t5Mg1v6HSxoF,1.00
2026-05-27 10:00:14.000,miners,0.250,231,21027,10222,8544,35.6,71.2,0,79,5EWwdZB7qCCMaAso5Mzcks4UUcPxKYvpAj32t5Mg1v6HSxoF,0,84.32.70.8:9001,-39546,-42.6,bittensor,-0.00225,0,0,423,211,miners,79,235,-39546,-42.6,1,-1.07e-11,3860633,11964,23928,4.74e-17,20260521_0718,validator_metrics,2691395,-379,1308434,0,5EWwdZB7qCCMaAso5Mzcks4UUcPxKYvpAj32t5Mg1v6HSxoF,1.00
2026-05-27 10:00:14.000,miners,0.273,141,19811,9722,8515,26.8,53.6,0,79,5EWwdZB7qCCMaAso5Mzcks4UUcPxKYvpAj32t5Mg1v6HSxoF,0,84.32.70.8:9001,-69592,-43.9,bittensor,-0.000998,0,0,337,168,miners,79,234,-69592,-43.9,1,-1.35e-12,3860896,6776,13552,5.22e-17,20260521_0718,validator_metrics,2535760,-379,1244415,0,5EWwdZB7qCCMaAso5Mzcks4UUcPxKYvpAj32t5Mg1v6HSxoF,1.00
2026-05-27 10:00:14.000,miners,0.297,217,21293,10280,8554,57.4,115,0,79,5EWwdZB7qCCMaAso5Mzcks4UUcPxKYvpAj32t5Mg1v6HSxoF,0,84.32.70.8:9001,-64678,-47.5,bittensor,-0.00165,0,0,441,220,miners,79,232,-64678,-47.5,1,-4.08e-12,3864275,11434,22869,6.4e-17,20260521_0718,validator_metrics,2725490,-239,1315852,0,5EWwdZB7qCCMaAso5Mzcks4UUcPxKYvpAj32t5Mg1v6HSxoF,1.00
2026-05-27 10:00:14.000,miners,0.313,144,22667,10947,8316,53.2,106,0,79,5EWwdZB7qCCMaAso5Mzcks4UUcPxKYvpAj32t5Mg1v6HSxoF,0,84.32.70.8:9001,-58365,-45.4,bittensor,-0.00273,0,0,573,286,miners,79,233,-58365,-45.4,1,-9.52e-12,3934377,12966,25932,6.39e-17,20260521_0718,validator_metrics,2901375,-569,1401158,0,5EWwdZB7qCCMaAso5Mzcks4UUcPxKYvpAj32t5Mg1v6HSxoF,1.00
2026-05-27 10:00:14.000,miners,0.391,143,24362,11825,8372,47.8,95.5,0,79,5EWwdZB7qCCMaAso5Mzcks4UUcPxKYvpAj32t5Mg1v6HSxoF,0,84.32.70.8:9001,-75044,-34.2,bittensor,-0.000310,0,0,316,156,miners,79,225,-75044,-34.2,1,-1.54e-12,3914781,10237,20474,1.14e-15,20260521_0718,validator_metrics,3118387,-533,1513552,0,5EWwdZB7qCCMaAso5Mzcks4UUcPxKYvpAj32t5Mg1v6HSxoF,1.00
2026-05-27 10:00:14.000,miners,0.406,186,25538,12386,8109,68.8,138,0,79,5EWwdZB7qCCMaAso5Mzcks4UUcPxKYvpAj32t5Mg1v6HSxoF,0,84.32.70.8:9001,-67538,-38.2,bittensor,-0.00189,0,0,657,328,miners,79,230,-67538,-38.2,1,-3.81e-12,4006210,16756,33512,1.14e-16,20260521_0718,validator_metrics,3268916,-178,1585396,0,5EWwdZB7qCCMaAso5Mzcks4UUcPxKYvpAj32t5Mg1v6HSxoF,1.00
2026-05-27 10:00:14.000,miners,0.430,163,50355,19726,6522,18.2,28.9,0,79,5EWwdZB7qCCMaAso5Mzcks4UUcPxKYvpAj32t5Mg1v6HSxoF,0,84.32.70.8:9001,-71871,-25.1,bittensor,-0.00340,0,0,6015,121,miners,79,236,-71871,-25.1,1,-7.99e-13,4458617,0,0,2.67e-18,20260521_0718,validator_metrics,6445496,-29.1,2524930,0,5EWwdZB7qCCMaAso5Mzcks4UUcPxKYvpAj32t5Mg1v6HSxoF,1.00
2026-05-27 10:00:14.000,miners,0.477,5,64436,20904,17191,0,0,0.396,79,5EWwdZB7qCCMaAso5Mzcks4UUcPxKYvpAj32t5Mg1v6HSxoF,0,84.32.70.8:9001,-358943,-86.5,bittensor,0.0109,0,0.501,1554,0,miners,79,25,-358943,-86.5,1,3.96e-11,1159081,0,0,1.45,20260521_0718,validator_metrics,8247855,8154,2675681,0,5EWwdZB7qCCMaAso5Mzcks4UUcPxKYvpAj32t5Mg1v6HSxoF,1.00
2026-05-27 10:00:14.000,miners,0.727,180,19847,7175,10515,0,0,0.390,79,5EWwdZB7qCCMaAso5Mzcks4UUcPxKYvpAj32t5Mg1v6HSxoF,0,84.32.70.8:9001,-76701,-55.5,bittensor,-0.000773,0.00537,0.494,426,66.5,miners,79,152,-76701,-55.5,1,-1.27e-12,3256181,0,0,0.218,20260521_0718,validator_metrics,2540354,-2310,918436,0,5EWwdZB7qCCMaAso5Mzcks4UUcPxKYvpAj32t5Mg1v6HSxoF,1.00
2026-05-27 10:00:14.000,miners,0.734,159,50920,21955,5504,0,0,0.402,79,5EWwdZB7qCCMaAso5Mzcks4UUcPxKYvpAj32t5Mg1v6HSxoF,0,84.32.70.8:9001,-136603,-29.2,bittensor,0.0425,0,0.508,18.4,0,miners,79,10,-136603,-29.2,1,3.28e-10,4773921,0,0,3.17,20260521_0718,validator_metrics,6517728,27234,2810191,0,5EWwdZB7qCCMaAso5Mzcks4UUcPxKYvpAj32t5Mg1v6HSxoF,1.00
2026-05-27 10:00:14.000,miners,0.781,170,11206,1508,5284,0,0,0.391,79,5EWwdZB7qCCMaAso5Mzcks4UUcPxKYvpAj32t5Mg1v6HSxoF,0,84.32.70.8:9001,-80392,-23.7,bittensor,0.00540,0.00605,0.495,431,0,miners,79,207,-80392,-23.7,1,3.47e-12,4785253,0,0,0.0231,20260521_0718,validator_metrics,1434344,594,193008,0,5EWwdZB7qCCMaAso5Mzcks4UUcPxKYvpAj32t5Mg1v6HSxoF,1.00
2026-05-27 10:00:14.000,miners,0.859,78,43642,8350,19299,0,0,0,79,5EWwdZB7qCCMaAso5Mzcks4UUcPxKYvpAj32t5Mg1v6HSxoF,0,84.32.70.8:9001,-434278,-92.4,bittensor,0.0116,0,0,1211,68.5,miners,79,86,-434278,-92.4,1,-7.22e-12,489163,0,0,0.422,20260521_0718,validator_metrics,5586118,2611,1068789,0,5EWwdZB7qCCMaAso5Mzcks4UUcPxKYvpAj32t5Mg1v6HSxoF,1.00
2026-05-27 10:00:14.000,miners,0.867,18,3080,822,8250,0,0,0.394,79,5EWwdZB7qCCMaAso5Mzcks4UUcPxKYvpAj32t5Mg1v6HSxoF,0,84.32.70.8:9001,44524,-43.2,bittensor,-0.00639,0,0.499,511,0,miners,79,92,44524,-43.2,1,-6.3e-12,3919840,0,0,0.399,20260521_0718,validator_metrics,394257,-2035,105217,0,5EWwdZB7qCCMaAso5Mzcks4UUcPxKYvpAj32t5Mg1v6HSxoF,1.00
2026-05-27 10:00:14.000,miners,0.891,150,3061,859,8475,0,0,0.389,79,5EWwdZB7qCCMaAso5Mzcks4UUcPxKYvpAj32t5Mg1v6HSxoF,0,84.32.70.8:9001,-77764,-44.0,bittensor,-0.00525,0.00592,0.493,488,0,miners,79,200,-77764,-44.0,1,-5.66e-12,3853932,0,0,0.0678,20260521_0718,validator_metrics,391790,-1778,109966,0,5EWwdZB7qCCMaAso5Mzcks4UUcPxKYvpAj32t5Mg1v6HSxoF,1.00
2026-05-27 10:00:14.000,miners,0.914,245,3146,866,8752,0,0,0.390,79,5EWwdZB7qCCMaAso5Mzcks4UUcPxKYvpAj32t5Mg1v6HSxoF,0,84.32.70.8:9001,-81056,-45.1,bittensor,-0.00472,0.00548,0.494,507,0,miners,79,198,-81056,-45.1,1,-4.3e-12,3769602,0,0,0.0728,20260521_0718,validator_metrics,402638,-1381,110903,0,5EWwdZB7qCCMaAso5Mzcks4UUcPxKYvpAj32t5Mg1v6HSxoF,1.00
2026-05-27 10:00:14.000,miners,0.922,236,7409,3615,8272,0,0,0.390,79,5EWwdZB7qCCMaAso5Mzcks4UUcPxKYvpAj32t5Mg1v6HSxoF,0,84.32.70.8:9001,-68399,-43.5,bittensor,-0.00551,0.00536,0.494,2053,971,miners,79,203,-68399,-43.5,1,-3.9e-12,3917362,0,0,0.0531,20260521_0718,validator_metrics,948363,-370,462697,0,5EWwdZB7qCCMaAso5Mzcks4UUcPxKYvpAj32t5Mg1v6HSxoF,1.00
2026-05-27 10:00:14.000,miners,0.977,133,7142,3473,8120,0,0,0.390,79,5EWwdZB7qCCMaAso5Mzcks4UUcPxKYvpAj32t5Mg1v6HSxoF,0,84.32.70.8:9001,-64932,-36.4,bittensor,-0.00584,0.00465,0.494,3392,1651,miners,79,206,-64932,-36.4,1,-4.38e-12,3963136,0,0,0.0398,20260521_0718,validator_metrics,914135,-491,444511,0,5EWwdZB7qCCMaAso5Mzcks4UUcPxKYvpAj32t5Mg1v6HSxoF,1.00
2026-05-27 10:00:14.000,miners,0.977,254,2749,1310,8378,0,0,0.396,79,5EWwdZB7qCCMaAso5Mzcks4UUcPxKYvpAj32t5Mg1v6HSxoF,0,84.32.70.8:9001,-236701,-42.5,bittensor,0.00328,0,0.501,303,70.3,miners,79,33,-236701,-42.5,1,1.8e-12,3886816,0,0,1.14,20260521_0718,validator_metrics,351907,74.0,167673,0,5EWwdZB7qCCMaAso5Mzcks4UUcPxKYvpAj32t5Mg1v6HSxoF,1.00
2026-05-27 10:00:14.000,miners,0.992,57,19758,1613,1100,0,0,0.370,79,5EWwdZB7qCCMaAso5Mzcks4UUcPxKYvpAj32t5Mg1v6HSxoF,0,84.32.70.8:9001,-14107,-6.23,bittensor,0.0145,0.0345,0.468,2176,293,miners,79,202,-14107,-6.23,1,3.52e-11,6062724,0,0,0.0622,20260521_0718,validator_metrics,2528996,3709,206522,0,5EWwdZB7qCCMaAso5Mzcks4UUcPxKYvpAj32t5Mg1v6HSxoF,1.00
2026-05-27 10:00:14.000,miners,0.992,75,40497,16440,9573,0,0,0.394,79,5EWwdZB7qCCMaAso5Mzcks4UUcPxKYvpAj32t5Mg1v6HSxoF,0,84.32.70.8:9001,-256286,-54.4,bittensor,-0.00673,0,0.499,543,0,miners,79,74,-256286,-54.4,1,-6.79e-11,3503300,0,0,0.542,20260521_0718,validator_metrics,5183556,-9706,2104376,0,5EWwdZB7qCCMaAso5Mzcks4UUcPxKYvpAj32t5Mg1v6HSxoF,1.00
2026-05-27 10:00:14.000,miners,0.992,82,20381,1617,1091,0,0,0.385,79,5EWwdZB7qCCMaAso5Mzcks4UUcPxKYvpAj32t5Mg1v6HSxoF,0,84.32.70.8:9001,-12016,-6.28,bittensor,0.0128,0.0150,0.488,2821,293,miners,79,199,-12016,-6.28,1,3.58e-11,6062166,0,0,0.0694,20260521_0718,validator_metrics,2608802,3615,206942,0,5EWwdZB7qCCMaAso5Mzcks4UUcPxKYvpAj32t5Mg1v6HSxoF,1.00
2026-05-27 10:00:14.000,miners,1,1,88908,40309,8167,0,0,0.393,79,5EWwdZB7qCCMaAso5Mzcks4UUcPxKYvpAj32t5Mg1v6HSxoF,0,84.32.70.8:9001,-285630,-46.5,bittensor,-0.0150,0,0.497,45957,13346,miners,79,175,-285630,-46.5,1,-2.22e-9,3846480,0,0,0.133,20260521_0718,validator_metrics,11380198,-146678,5159560,0,5EWwdZB7qCCMaAso5Mzcks4UUcPxKYvpAj32t5Mg1v6HSxoF,1.00
2026-05-27 10:00:14.000,miners,1,10,72047,31372,6777,0,0,0.392,79,5EWwdZB7qCCMaAso5Mzcks4UUcPxKYvpAj32t5Mg1v6HSxoF,0,84.32.70.8:9001,-307961,-34.4,bittensor,-0.0169,0,0.497,37925,12129,miners,79,195,-307961,-34.4,1,-1.79e-9,4214594,0,0,0.0958,20260521_0718,validator_metrics,9221962,-150879,4015571,0,5EWwdZB7qCCMaAso5Mzcks4UUcPxKYvpAj32t5Mg1v6HSxoF,1.00
2026-05-27 10:00:14.000,miners,1,100,71068,31103,10310,0,0,0.393,79,5EWwdZB7qCCMaAso5Mzcks4UUcPxKYvpAj32t5Mg1v6HSxoF,0,84.32.70.8:9001,-307439,-51.4,bittensor,-0.0123,0,0.498,38238,10463,miners,79,105,-307439,-51.4,1,-1.59e-9,3193994,0,0,0.353,20260521_0718,validator_metrics,9096688,-117109,3981146,0,5EWwdZB7qCCMaAso5Mzcks4UUcPxKYvpAj32t5Mg1v6HSxoF,1.00
2026-05-27 10:00:14.000,miners,1,101,99809,45695,9090,0,0,0.393,79,5EWwdZB7qCCMaAso5Mzcks4UUcPxKYvpAj32t5Mg1v6HSxoF,0,84.32.70.8:9001,-260446,-49.9,bittensor,-0.0143,0,0.497,52654,17461,miners,79,163,-260446,-49.9,1,-2.1e-9,3578524,0,0,0.166,20260521_0718,validator_metrics,12775515,-148474,5848925,0,5EWwdZB7qCCMaAso5Mzcks4UUcPxKYvpAj32t5Mg1v6HSxoF,1.00
2026-05-27 10:00:14.000,miners,1,102,116630,53510,11208,0,0,0.393,79,5EWwdZB7qCCMaAso5Mzcks4UUcPxKYvpAj32t5Mg1v6HSxoF,0,84.32.70.8:9001,-168297,-59.8,bittensor,-0.0122,0,0.498,59491,24393,miners,79,111,-168297,-59.8,1,-1.58e-9,3002793,0,0,0.326,20260521_0718,validator_metrics,14928655,-120351,6849293,0,5EWwdZB7qCCMaAso5Mzcks4UUcPxKYvpAj32t5Mg1v6HSxoF,1.00
2026-05-27 10:00:14.000,miners,1,103,154892,71890,11408,0,0,0.393,79,5EWwdZB7qCCMaAso5Mzcks4UUcPxKYvpAj32t5Mg1v6HSxoF,0,84.32.70.8:9001,-248840,-57.5,bittensor,-0.0111,0,0.498,63915,23064,miners,79,110,-248840,-57.5,1,-1.63e-9,2852639,0,0,0.331,20260521_0718,validator_metrics,19826200,-125169,9201880,0,5EWwdZB7qCCMaAso5Mzcks4UUcPxKYvpAj32t5Mg1v6HSxoF,1.00
2026-05-27 10:00:14.000,miners,1,104,104113,46156,12373,0,0,0.393,79,5EWwdZB7qCCMaAso5Mzcks4UUcPxKYvpAj32t5Mg1v6HSxoF,0,84.32.70.8:9001,-208753,-67.9,bittensor,-0.0113,0,0.498,54382,15262,miners,79,79,-208753,-67.9,1,-1.49e-9,2640266,0,0,0.446,20260521_0718,validator_metrics,13326518,-114843,5907927,0,5EWwdZB7qCCMaAso5Mzcks4UUcPxKYvpAj32t5Mg1v6HSxoF,1.00
2026-05-27 10:00:14.000,miners,1,105,213279,99926,2621,0,0,0.413,79,5EWwdZB7qCCMaAso5Mzcks4UUcPxKYvpAj32t5Mg1v6HSxoF,0,84.32.70.8:9001,-84378,-16.3,bittensor,0.114,0,0.523,122083,52601,miners,79,2,-84378,-16.3,1,1.22e-9,5633130,0,0,15.2,20260521_0718,validator_metrics,27299701,103073,12790490,0,5EWwdZB7qCCMaAso5Mzcks4UUcPxKYvpAj32t5Mg1v6HSxoF,1.00
2026-05-27 10:00:14.000,miners,1,106,79376,29818,40.1,0,0,0.399,79,5EWwdZB7qCCMaAso5Mzcks4UUcPxKYvpAj32t5Mg1v6HSxoF,0,84.32.70.8:9001,188775,0.149,bittensor,0.0240,0,0.505,38726,9789,miners,79,13,188775,0.149,1,2.12e-10,6588027,0,0,2.85,20260521_0718,validator_metrics,10160108,27057,3816722,0,5EWwdZB7qCCMaAso5Mzcks4UUcPxKYvpAj32t5Mg1v6HSxoF,1.00
2026-05-27 10:00:14.000,miners,1,107,70950,31077,10042,0,0,0.393,79,5EWwdZB7qCCMaAso5Mzcks4UUcPxKYvpAj32t5Mg1v6HSxoF,0,84.32.70.8:9001,-284309,-52.8,bittensor,-0.0123,0,0.498,37570,10829,miners,79,107,-284309,-52.8,1,-1.61e-9,3266242,0,0,0.343,20260521_0718,validator_metrics,9081563,-122223,3977851,0,5EWwdZB7qCCMaAso5Mzcks4UUcPxKYvpAj32t5Mg1v6HSxoF,1.00
2026-05-27 10:00:14.000,miners,1,108,159694,74194,11610,0,0,0.393,79,5EWwdZB7qCCMaAso5Mzcks4UUcPxKYvpAj32t5Mg1v6HSxoF,0,84.32.70.8:9001,-245091,-57.7,bittensor,-0.0108,0,0.498,65875,24399,miners,79,118,-245091,-57.7,1,-1.35e-9,2797005,0,0,0.311,20260521_0718,validator_metrics,20440792,-114908,9496797,0,5EWwdZB7qCCMaAso5Mzcks4UUcPxKYvpAj32t5Mg1v6HSxoF,1.00
2026-05-27 10:00:14.000,miners,1,109,158919,73835,11415,0,0,0.393,79,5EWwdZB7qCCMaAso5Mzcks4UUcPxKYvpAj32t5Mg1v6HSxoF,0,84.32.70.8:9001,-257042,-57.0,bittensor,-0.0118,0,0.498,72303,28262,miners,79,91,-257042,-57.0,1,-1.7e-9,2844879,0,0,0.401,20260521_0718,validator_metrics,20341636,-129564,9450831,0,5EWwdZB7qCCMaAso5Mzcks4UUcPxKYvpAj32t5Mg1v6HSxoF,1.00
2026-05-27 10:00:14.000,miners,1,110,159792,75231,10559,0,0,0.393,79,5EWwdZB7qCCMaAso5Mzcks4UUcPxKYvpAj32t5Mg1v6HSxoF,0,84.32.70.8:9001,-246711,-50.4,bittensor,-0.0122,0,0.498,70133,26809,miners,79,94,-246711,-50.4,1,-1.91e-9,3103303,0,0,0.396,20260521_0718,validator_metrics,20453314,-146212,9629610,0,5EWwdZB7qCCMaAso5Mzcks4UUcPxKYvpAj32t5Mg1v6HSxoF,1.00
2026-05-27 10:00:14.000,miners,1,111,90756,35068,15429,0,0,0.394,79,5EWwdZB7qCCMaAso5Mzcks4UUcPxKYvpAj32t5Mg1v6HSxoF,0,84.32.70.8:9001,-384199,-68.4,bittensor,-0.00498,0,0.499,2152,255,miners,79,71,-384199,-68.4,1,-2.53e-11,1675421,0,0,0.569,20260521_0718,validator_metrics,11616752,1933,4488742,0,5EWwdZB7qCCMaAso5Mzcks4UUcPxKYvpAj32t5Mg1v6HSxoF,1.00
2026-05-27 10:00:14.000,miners,1,112,46023,18372,8602,0,0,0.393,79,5EWwdZB7qCCMaAso5Mzcks4UUcPxKYvpAj32t5Mg1v6HSxoF,0,84.32.70.8:9001,-302447,-45.0,bittensor,-0.0127,0,0.497,20701,4176,miners,79,120,-302447,-45.0,1,-8.72e-10,3707759,0,0,0.310,20260521_0718,validator_metrics,5890968,-88756,2351592,0,5EWwdZB7qCCMaAso5Mzcks4UUcPxKYvpAj32t5Mg1v6HSxoF,1.00
2026-05-27 10:00:14.000,miners,1,116,157499,72500,11694,0,0,0.393,79,5EWwdZB7qCCMaAso5Mzcks4UUcPxKYvpAj32t5Mg1v6HSxoF,0,84.32.70.8:9001,-252216,-55.9,bittensor,-0.0109,0,0.498,65885,23812,miners,79,87,-252216,-55.9,1,-1.61e-9,2768193,0,0,0.422,20260521_0718,validator_metrics,20159883,-119428,9279982,0,5EWwdZB7qCCMaAso5Mzcks4UUcPxKYvpAj32t5Mg1v6HSxoF,1.00
2026-05-27 10:00:14.000,miners,1,117,90727,40985,8179,0,0,0.392,79,5EWwdZB7qCCMaAso5Mzcks4UUcPxKYvpAj32t5Mg1v6HSxoF,0,84.32.70.8:9001,-299011,-43.4,bittensor,-0.0159,0,0.497,45117,13914,miners,79,190,-299011,-43.4,1,-2.07e-9,3828703,0,0,0.107,20260521_0718,validator_metrics,11613087,-163229,5246018,0,5EWwdZB7qCCMaAso5Mzcks4UUcPxKYvpAj32t5Mg1v6HSxoF,1.00
2026-05-27 10:00:14.000,miners,1,118,71530,31565,9815,0,0,0.393,79,5EWwdZB7qCCMaAso5Mzcks4UUcPxKYvpAj32t5Mg1v6HSxoF,0,84.32.70.8:9001,-304102,-49.9,bittensor,-0.0125,0,0.497,39151,9078,miners,79,121,-304102,-49.9,1,-1.66e-9,3345915,0,0,0.308,20260521_0718,validator_metrics,9155872,-125244,4040324,0,5EWwdZB7qCCMaAso5Mzcks4UUcPxKYvpAj32t5Mg1v6HSxoF,1.00
2026-05-27 10:00:14.000,miners,1,119,67994,20512,19432,0,0,0.396,79,5EWwdZB7qCCMaAso5Mzcks4UUcPxKYvpAj32t5Mg1v6HSxoF,0,84.32.70.8:9001,-336593,-102,bittensor,0.00866,0,0.502,1373,154,miners,79,18,-336593,-102,1,-4.39e-12,513155,0,0,2.08,20260521_0718,validator_metrics,8703194,8751,2625558,0,5EWwdZB7qCCMaAso5Mzcks4UUcPxKYvpAj32t5Mg1v6HSxoF,1.00
2026-05-27 10:00:14.000,miners,1,12,155580,61304,4457,0,0,0.393,79,5EWwdZB7qCCMaAso5Mzcks4UUcPxKYvpAj32t5Mg1v6HSxoF,0,84.32.70.8:9001,-103970,-24.9,bittensor,-0.0141,0,0.497,85910,26608,miners,79,158,-103970,-24.9,1,-1.28e-9,5015177,0,0,0.183,20260521_0718,validator_metrics,19914280,-80453,7846862,0,5EWwdZB7qCCMaAso5Mzcks4UUcPxKYvpAj32t5Mg1v6HSxoF,1.00
2026-05-27 10:00:14.000,miners,1,120,91927,32649,42.5,0,0,0.399,79,5EWwdZB7qCCMaAso5Mzcks4UUcPxKYvpAj32t5Mg1v6HSxoF,0,84.32.70.8:9001,155028,0.129,bittensor,0.0243,0,0.505,40757,10086,miners,79,14,155028,0.129,1,1.72e-10,6542679,0,0,2.76,20260521_0718,validator_metrics,11766596,20054,4179108,0,5EWwdZB7qCCMaAso5Mzcks4UUcPxKYvpAj32t5Mg1v6HSxoF,1.00
2026-05-27 10:00:14.000,miners,1,121,309700,147452,11353,0,0,0.396,79,5EWwdZB7qCCMaAso5Mzcks4UUcPxKYvpAj32t5Mg1v6HSxoF,0,84.32.70.8:9001,-174852,-53.7,bittensor,0.00513,0,0.501,48916,24137,miners,79,28,-174852,-53.7,1,1.64e-11,2916439,0,0,1.36,20260521_0718,validator_metrics,39641619,5928,18873887,0,5EWwdZB7qCCMaAso5Mzcks4UUcPxKYvpAj32t5Mg1v6HSxoF,1.00
2026-05-27 10:00:14.000,miners,1,122,70690,31111,10299,0,0,0.393,79,5EWwdZB7qCCMaAso5Mzcks4UUcPxKYvpAj32t5Mg1v6HSxoF,0,84.32.70.8:9001,-309189,-55.3,bittensor,-0.0133,0,0.497,40023,11446,miners,79,130,-309189,-55.3,1,-1.59e-9,3201641,0,0,0.269,20260521_0718,validator_metrics,9048273,-120841,3982239,0,5EWwdZB7qCCMaAso5Mzcks4UUcPxKYvpAj32t5Mg1v6HSxoF,1.00
2026-05-27 10:00:14.000,miners,1,123,158423,65083,19621,0,0,0.394,79,5EWwdZB7qCCMaAso5Mzcks4UUcPxKYvpAj32t5Mg1v6HSxoF,0,84.32.70.8:9001,-447821,-92.2,bittensor,-0.00328,0,0.499,28502,335,miners,79,61,-447821,-92.2,1,-2.54e-11,408834,0,0,0.693,20260521_0718,validator_metrics,20278132,1333,8330621,0,5EWwdZB7qCCMaAso5Mzcks4UUcPxKYvpAj32t5Mg1v6HSxoF,1.00
2026-05-27 10:00:14.000,miners,1,124,159908,74396,11700,0,0,0.393,79,5EWwdZB7qCCMaAso5Mzcks4UUcPxKYvpAj32t5Mg1v6HSxoF,0,84.32.70.8:9001,-245209,-59.3,bittensor,-0.0112,0,0.498,67808,25308,miners,79,106,-245209,-59.3,1,-1.46e-9,2768988,0,0,0.345,20260521_0718,validator_metrics,20468198,-115899,9522673,0,5EWwdZB7qCCMaAso5Mzcks4UUcPxKYvpAj32t5Mg1v6HSxoF,1.00
2026-05-27 10:00:14.000,miners,1,126,47231,19073,8083,0,0,0.393,79,5EWwdZB7qCCMaAso5Mzcks4UUcPxKYvpAj32t5Mg1v6HSxoF,0,84.32.70.8:9001,-301095,-44.9,bittensor,-0.0126,0,0.497,24696,5356,miners,79,115,-301095,-44.9,1,-8.89e-10,3862188,0,0,0.318,20260521_0718,validator_metrics,6045604,-92506,2441327,0,5EWwdZB7qCCMaAso5Mzcks4UUcPxKYvpAj32t5Mg1v6HSxoF,1.00
2026-05-27 10:00:14.000,miners,1,128,56259,14997,19447,0,0,0.391,79,5EWwdZB7qCCMaAso5Mzcks4UUcPxKYvpAj32t5Mg1v6HSxoF,0,84.32.70.8:9001,-448640,-98.4,bittensor,-0.00148,0.00476,0.495,2006,236,miners,79,85,-448640,-98.4,1,-5.44e-11,470145,0,0,0.424,20260521_0718,validator_metrics,7201191,2292,1919607,0,5EWwdZB7qCCMaAso5Mzcks4UUcPxKYvpAj32t5Mg1v6HSxoF,1.00
2026-05-27 10:00:14.000,miners,1,129,95743,43461,10667,0,0,0.393,79,5EWwdZB7qCCMaAso5Mzcks4UUcPxKYvpAj32t5Mg1v6HSxoF,0,84.32.70.8:9001,-257075,-60.6,bittensor,-0.0118,0,0.498,54287,14675,miners,79,95,-257075,-60.6,1,-1.88e-9,3118874,0,0,0.394,20260521_0718,validator_metrics,12255060,-143592,5563014,0,5EWwdZB7qCCMaAso5Mzcks4UUcPxKYvpAj32t5Mg1v6HSxoF,1.00
2026-05-27 10:00:14.000,miners,1,13,310179,146498,11574,0,0,0.394,79,5EWwdZB7qCCMaAso5Mzcks4UUcPxKYvpAj32t5Mg1v6HSxoF,0,84.32.70.8:9001,-189250,-54.7,bittensor,-0.00367,0,0.499,44441,19042,miners,79,57,-189250,-54.7,1,-1.06e-11,2837429,0,0,0.761,20260521_0718,validator_metrics,39702856,2943,18751808,0,5EWwdZB7qCCMaAso5Mzcks4UUcPxKYvpAj32t5Mg1v6HSxoF,1.00
2026-05-27 10:00:14.000,miners,1,130,159230,74009,11246,0,0,0.393,79,5EWwdZB7qCCMaAso5Mzcks4UUcPxKYvpAj32t5Mg1v6HSxoF,0,84.32.70.8:9001,-252948,-59.0,bittensor,-0.0121,0,0.498,66691,25153,miners,79,101,-252948,-59.0,1,-1.59e-9,2895608,0,0,0.367,20260521_0718,validator_metrics,20381447,-126451,9473161,0,5EWwdZB7qCCMaAso5Mzcks4UUcPxKYvpAj32t5Mg1v6HSxoF,1.00
2026-05-27 10:00:14.000,miners,1,131,164471,77538,9552,0,0,0.393,79,5EWwdZB7qCCMaAso5Mzcks4UUcPxKYvpAj32t5Mg1v6HSxoF,0,84.32.70.8:9001,-211390,-51.5,bittensor,-0.0135,0,0.497,82863,28850,miners,79,144,-211390,-51.5,1,-1.71e-9,3439078,0,0,0.236,20260521_0718,validator_metrics,21052314,-128625,9924834,0,5EWwdZB7qCCMaAso5Mzcks4UUcPxKYvpAj32t5Mg1v6HSxoF,1.00
2026-05-27 10:00:14.000,miners,1,132,93424,42041,9730,0,0,0.393,79,5EWwdZB7qCCMaAso5Mzcks4UUcPxKYvpAj32t5Mg1v6HSxoF,0,84.32.70.8:9001,-314861,-57.1,bittensor,-0.0150,0,0.497,50323,13343,miners,79,176,-314861,-57.1,1,-1.96e-9,3357354,0,0,0.133,20260521_0718,validator_metrics,11958327,-150360,5381233,0,5EWwdZB7qCCMaAso5Mzcks4UUcPxKYvpAj32t5Mg1v6HSxoF,1.00
2026-05-27 10:00:14.000,miners,1,134,116135,50997,7473,0,0,0.478,79,5EWwdZB7qCCMaAso5Mzcks4UUcPxKYvpAj32t5Mg1v6HSxoF,0,84.32.70.8:9001,128061,-31.0,bittensor,0.525,0,0.605,62228,27906,miners,79,0,128061,-31.0,1,1.77e-9,4378176,0,0,18.3,20260521_0718,validator_metrics,14865261,145931,6527661,0,5EWwdZB7qCCMaAso5Mzcks4UUcPxKYvpAj32t5Mg1v6HSxoF,1.00
2026-05-27 10:00:14.000,miners,1,135,164170,66226,5136,0,0,0.392,79,5EWwdZB7qCCMaAso5Mzcks4UUcPxKYvpAj32t5Mg1v6HSxoF,0,84.32.70.8:9001,-108140,-22.0,bittensor,-0.0177,0,0.496,84639,28189,miners,79,197,-108140,-22.0,1,-8.98e-10,4817365,0,0,0.0902,20260521_0718,validator_metrics,21013806,-70781,8476880,0,5EWwdZB7qCCMaAso5Mzcks4UUcPxKYvpAj32t5Mg1v6HSxoF,1.00
2026-05-27 10:00:14.000,miners,1,136,117240,52993,11507,0,0,0.393,79,5EWwdZB7qCCMaAso5Mzcks4UUcPxKYvpAj32t5Mg1v6HSxoF,0,84.32.70.8:9001,-166553,-58.0,bittensor,-0.0133,0,0.497,55110,16699,miners,79,135,-166553,-58.0,1,-1.62e-9,2910977,0,0,0.261,20260521_0718,validator_metrics,15006707,-129786,6783074,0,5EWwdZB7qCCMaAso5Mzcks4UUcPxKYvpAj32t5Mg1v6HSxoF,1.00
2026-05-27 10:00:14.000,miners,1,137,88834,39774,10623,0,0,0.393,79,5EWwdZB7qCCMaAso5Mzcks4UUcPxKYvpAj32t5Mg1v6HSxoF,0,84.32.70.8:9001,-330441,-58.9,bittensor,-0.0117,0,0.498,47125,12558,miners,79,89,-330441,-58.9,1,-1.79e-9,3089700,0,0,0.414,20260521_0718,validator_metrics,11370752,-135527,5091113,0,5EWwdZB7qCCMaAso5Mzcks4UUcPxKYvpAj32t5Mg1v6HSxoF,1.00
2026-05-27 10:00:14.000,miners,1,139,135932,53371,11010,0,0,0.393,79,5EWwdZB7qCCMaAso5Mzcks4UUcPxKYvpAj32t5Mg1v6HSxoF,0,84.32.70.8:9001,-175999,-62.3,bittensor,-0.0130,0,0.497,76970,21732,miners,79,122,-175999,-62.3,1,-1.53e-9,3054754,0,0,0.308,20260521_0718,validator_metrics,17399277,-121696,6831452,0,5EWwdZB7qCCMaAso5Mzcks4UUcPxKYvpAj32t5Mg1v6HSxoF,1.00
2026-05-27 10:00:14.000,miners,1,14,73716,32033,5865,0,0,0.392,79,5EWwdZB7qCCMaAso5Mzcks4UUcPxKYvpAj32t5Mg1v6HSxoF,0,84.32.70.8:9001,-369517,-30.8,bittensor,-0.0170,0,0.497,38196,11390,miners,79,194,-369517,-30.8,1,-1.82e-9,4483775,0,0,0.0962,20260521_0718,validator_metrics,9435703,-152153,4100232,0,5EWwdZB7qCCMaAso5Mzcks4UUcPxKYvpAj32t5Mg1v6HSxoF,1.00
2026-05-27 10:00:14.000,miners,1,140,248380,110721,18976,0,0,0.395,79,5EWwdZB7qCCMaAso5Mzcks4UUcPxKYvpAj32t5Mg1v6HSxoF,0,84.32.70.8:9001,-375866,-102,bittensor,-0.00302,0,0.499,46418,4193,miners,79,60,-375866,-102,1,-3.64e-11,608789,0,0,0.697,20260521_0718,validator_metrics,31792612,3404,14172309,0,5EWwdZB7qCCMaAso5Mzcks4UUcPxKYvpAj32t5Mg1v6HSxoF,1.00
2026-05-27 10:00:14.000,miners,1,142,93339,42658,9681,0,0,0.393,79,5EWwdZB7qCCMaAso5Mzcks4UUcPxKYvpAj32t5Mg1v6HSxoF,0,84.32.70.8:9001,-277364,-53.4,bittensor,-0.0156,0,0.497,47362,13795,miners,79,187,-277364,-53.4,1,-1.89e-9,3371972,0,0,0.112,20260521_0718,validator_metrics,11947376,-150786,5460280,0,5EWwdZB7qCCMaAso5Mzcks4UUcPxKYvpAj32t5Mg1v6HSxoF,1.00
2026-05-27 10:00:14.000,miners,1,145,162150,76150,10085,0,0,0.393,79,5EWwdZB7qCCMaAso5Mzcks4UUcPxKYvpAj32t5Mg1v6HSxoF,0,84.32.70.8:9001,-219814,-53.3,bittensor,-0.0135,0,0.497,78900,30831,miners,79,143,-219814,-53.3,1,-1.55e-9,3277565,0,0,0.237,20260521_0718,validator_metrics,20755181,-125326,9747204,0,5EWwdZB7qCCMaAso5Mzcks4UUcPxKYvpAj32t5Mg1v6HSxoF,1.00
2026-05-27 10:00:14.000,miners,1,146,115287,52482,11012,0,0,0.393,79,5EWwdZB7qCCMaAso5Mzcks4UUcPxKYvpAj32t5Mg1v6HSxoF,0,84.32.70.8:9001,-164721,-61.1,bittensor,-0.0135,0,0.497,59162,19300,miners,79,124,-164721,-61.1,1,-1.83e-9,3050055,0,0,0.295,20260521_0718,validator_metrics,14756719,-136727,6717692,0,5EWwdZB7qCCMaAso5Mzcks4UUcPxKYvpAj32t5Mg1v6HSxoF,1.00
2026-05-27 10:00:14.000,miners,1,147,31555,3279,19374,0,0,0.382,79,5EWwdZB7qCCMaAso5Mzcks4UUcPxKYvpAj32t5Mg1v6HSxoF,0,84.32.70.8:9001,-122901,-98.5,bittensor,0.0281,0.0205,0.483,809,80.8,miners,79,201,-122901,-98.5,1,-1.56e-12,663261,0,0,0.0642,20260521_0718,validator_metrics,4039059,8528,419727,0,5EWwdZB7qCCMaAso5Mzcks4UUcPxKYvpAj32t5Mg1v6HSxoF,1.00
2026-05-27 10:00:14.000,miners,1,148,86972,39014,9910,0,0,0.393,79,5EWwdZB7qCCMaAso5Mzcks4UUcPxKYvpAj32t5Mg1v6HSxoF,0,84.32.70.8:9001,-302671,-56.1,bittensor,-0.0152,0,0.497,45922,11362,miners,79,181,-302671,-56.1,1,-1.68e-9,3319873,0,0,0.120,20260521_0718,validator_metrics,11132444,-137013,4993795,0,5EWwdZB7qCCMaAso5Mzcks4UUcPxKYvpAj32t5Mg1v6HSxoF,1.00
2026-05-27 10:00:14.000,miners,1,149,107738,48341,11629,0,0,0.393,79,5EWwdZB7qCCMaAso5Mzcks4UUcPxKYvpAj32t5Mg1v6HSxoF,0,84.32.70.8:9001,-177260,-62.3,bittensor,-0.0136,0,0.497,52986,15476,miners,79,132,-177260,-62.3,1,-1.67e-9,2863351,0,0,0.267,20260521_0718,validator_metrics,13790489,-125714,6187673,0,5EWwdZB7qCCMaAso5Mzcks4UUcPxKYvpAj32t5Mg1v6HSxoF,1.00
2026-05-27 10:00:14.000,miners,1,15,162211,76345,8876,0,0,0.393,79,5EWwdZB7qCCMaAso5Mzcks4UUcPxKYvpAj32t5Mg1v6HSxoF,0,84.32.70.8:9001,-201823,-46.9,bittensor,-0.0134,0,0.497,84040,31254,miners,79,137,-201823,-46.9,1,-1.84e-9,3643025,0,0,0.251,20260521_0718,validator_metrics,20763014,-130963,9772168,0,5EWwdZB7qCCMaAso5Mzcks4UUcPxKYvpAj32t5Mg1v6HSxoF,1.00
2026-05-27 10:00:14.000,miners,1,151,160320,76343,10853,0,0,0.393,79,5EWwdZB7qCCMaAso5Mzcks4UUcPxKYvpAj32t5Mg1v6HSxoF,0,84.32.70.8:9001,-254299,-47.8,bittensor,-0.0130,0,0.497,69989,26615,miners,79,116,-254299,-47.8,1,-1.81e-9,3009442,0,0,0.313,20260521_0718,validator_metrics,20520917,-146041,9771927,0,5EWwdZB7qCCMaAso5Mzcks4UUcPxKYvpAj32t5Mg1v6HSxoF,1.00
2026-05-27 10:00:14.000,miners,1,152,120179,55140,11312,0,0,0.393,79,5EWwdZB7qCCMaAso5Mzcks4UUcPxKYvpAj32t5Mg1v6HSxoF,0,84.32.70.8:9001,-171383,-60.1,bittensor,-0.0127,0,0.497,62773,19628,miners,79,117,-171383,-60.1,1,-1.78e-9,2972153,0,0,0.312,20260521_0718,validator_metrics,15382906,-134600,7057953,0,5EWwdZB7qCCMaAso5Mzcks4UUcPxKYvpAj32t5Mg1v6HSxoF,1.00
2026-05-27 10:00:14.000,miners,1,153,30510,2869,19440,0,0,0.372,79,5EWwdZB7qCCMaAso5Mzcks4UUcPxKYvpAj32t5Mg1v6HSxoF,0,84.32.70.8:9001,-120890,-95.6,bittensor,0.0407,0.0322,0.471,858,151,miners,79,204,-120890,-95.6,1,-9.07e-13,644607,0,0,0.0478,20260521_0718,validator_metrics,3905300,7843,367252,0,5EWwdZB7qCCMaAso5Mzcks4UUcPxKYvpAj32t5Mg1v6HSxoF,1.00
2026-05-27 10:00:14.000,miners,1,154,93947,42744,9743,0,0,0.393,79,5EWwdZB7qCCMaAso5Mzcks4UUcPxKYvpAj32t5Mg1v6HSxoF,0,84.32.70.8:9001,-315803,-53.4,bittensor,-0.0149,0,0.497,46515,15868,miners,79,171,-315803,-53.4,1,-2e-9,3352771,0,0,0.144,20260521_0718,validator_metrics,12025192,-144030,5471205,0,5EWwdZB7qCCMaAso5Mzcks4UUcPxKYvpAj32t5Mg1v6HSxoF,1.00
2026-05-27 10:00:14.000,miners,1,155,172315,70031,4981,0,0,0.392,79,5EWwdZB7qCCMaAso5Mzcks4UUcPxKYvpAj32t5Mg1v6HSxoF,0,84.32.70.8:9001,-106862,-28.1,bittensor,-0.0163,0,0.497,97651,32056,miners,79,192,-106862,-28.1,1,-9.93e-10,4861500,0,0,0.103,20260521_0718,validator_metrics,22056382,-77063,8964026,0,5EWwdZB7qCCMaAso5Mzcks4UUcPxKYvpAj32t5Mg1v6HSxoF,1.00
2026-05-27 10:00:14.000,miners,1,156,98297,43828,11287,0,0,0.393,79,5EWwdZB7qCCMaAso5Mzcks4UUcPxKYvpAj32t5Mg1v6HSxoF,0,84.32.70.8:9001,-209847,-60.6,bittensor,-0.0130,0,0.497,51014,14355,miners,79,112,-209847,-60.6,1,-1.7e-9,2953619,0,0,0.323,20260521_0718,validator_metrics,12581979,-121319,5609927,0,5EWwdZB7qCCMaAso5Mzcks4UUcPxKYvpAj32t5Mg1v6HSxoF,1.00
2026-05-27 10:00:14.000,miners,1,157,82837,37316,10237,0,0,0.393,79,5EWwdZB7qCCMaAso5Mzcks4UUcPxKYvpAj32t5Mg1v6HSxoF,0,84.32.70.8:9001,-303559,-57.8,bittensor,-0.0119,0,0.498,47542,11267,miners,79,96,-303559,-57.8,1,-1.78e-9,3222946,0,0,0.384,20260521_0718,validator_metrics,10603184,-135761,4776398,0,5EWwdZB7qCCMaAso5Mzcks4UUcPxKYvpAj32t5Mg1v6HSxoF,1.00
2026-05-27 10:00:14.000,miners,1,16,396756,184920,18649,0,0,0.395,79,5EWwdZB7qCCMaAso5Mzcks4UUcPxKYvpAj32t5Mg1v6HSxoF,0,84.32.70.8:9001,-185259,-102,bittensor,0.00311,0,0.501,86564,25984,miners,79,24,-185259,-102,1,-7.81e-12,817780,0,0,1.58,20260521_0718,validator_metrics,50784711,9409,23669756,0,5EWwdZB7qCCMaAso5Mzcks4UUcPxKYvpAj32t5Mg1v6HSxoF,1.00
2026-05-27 10:00:14.000,miners,1,160,165420,77769,9555,0,0,0.393,79,5EWwdZB7qCCMaAso5Mzcks4UUcPxKYvpAj32t5Mg1v6HSxoF,0,84.32.70.8:9001,-206920,-49.8,bittensor,-0.0135,0,0.497,75629,31315,miners,79,141,-206920,-49.8,1,-1.66e-9,3443351,0,0,0.237,20260521_0718,validator_metrics,21173820,-123433,9954481,0,5EWwdZB7qCCMaAso5Mzcks4UUcPxKYvpAj32t5Mg1v6HSxoF,1.00
2026-05-27 10:00:14.000,miners,1,161,110205,40627,20045,0,0,0.395,79,5EWwdZB7qCCMaAso5Mzcks4UUcPxKYvpAj32t5Mg1v6HSxoF,0,84.32.70.8:9001,-495652,-100.0,bittensor,-0.00284,0,0.499,26946,879,miners,79,54,-495652,-100.0,1,-6.7e-11,267421,0,0,0.783,20260521_0718,validator_metrics,14106204,-2683,5200217,0,5EWwdZB7qCCMaAso5Mzcks4UUcPxKYvpAj32t5Mg1v6HSxoF,1.00
2026-05-27 10:00:14.000,miners,1,162,254231,123798,10227,0,0,0.393,79,5EWwdZB7qCCMaAso5Mzcks4UUcPxKYvpAj32t5Mg1v6HSxoF,0,84.32.70.8:9001,-121481,-45.2,bittensor,-0.0143,0,0.497,111099,50654,miners,79,113,-121481,-45.2,1,-6.68e-10,3305627,0,0,0.321,20260521_0718,validator_metrics,32541600,-49610,15846151,0,5EWwdZB7qCCMaAso5Mzcks4UUcPxKYvpAj32t5Mg1v6HSxoF,1.00
2026-05-27 10:00:14.000,miners,1,164,83972,28603,19292,0,0,0.394,79,5EWwdZB7qCCMaAso5Mzcks4UUcPxKYvpAj32t5Mg1v6HSxoF,0,84.32.70.8:9001,-504509,-89.3,bittensor,-0.00346,0,0.499,4173,313,miners,79,64,-504509,-89.3,1,-4.59e-11,459423,0,0,0.631,20260521_0718,validator_metrics,10748436,-2908,3661122,0,5EWwdZB7qCCMaAso5Mzcks4UUcPxKYvpAj32t5Mg1v6HSxoF,1.00
2026-05-27 10:00:14.000,miners,1,165,164309,77117,9834,0,0,0.393,79,5EWwdZB7qCCMaAso5Mzcks4UUcPxKYvpAj32t5Mg1v6HSxoF,0,84.32.70.8:9001,-210172,-53.2,bittensor,-0.0137,0,0.497,77631,31007,miners,79,150,-210172,-53.2,1,-1.52e-9,3360826,0,0,0.225,20260521_0718,validator_metrics,21031545,-126038,9870947,0,5EWwdZB7qCCMaAso5Mzcks4UUcPxKYvpAj32t5Mg1v6HSxoF,1.00
2026-05-27 10:00:14.000,miners,1,167,159781,73835,11624,0,0,0.393,79,5EWwdZB7qCCMaAso5Mzcks4UUcPxKYvpAj32t5Mg1v6HSxoF,0,84.32.70.8:9001,-259375,-49.7,bittensor,-0.0116,0,0.498,70439,27197,miners,79,93,-259375,-49.7,1,-1.62e-9,2781453,0,0,0.399,20260521_0718,validator_metrics,20451959,-128178,9450835,0,5EWwdZB7qCCMaAso5Mzcks4UUcPxKYvpAj32t5Mg1v6HSxoF,1.00
2026-05-27 10:00:14.000,miners,1,168,166276,78432,9481,0,0,0.393,79,5EWwdZB7qCCMaAso5Mzcks4UUcPxKYvpAj32t5Mg1v6HSxoF,0,84.32.70.8:9001,-221735,-46.8,bittensor,-0.0133,0,0.497,74120,30400,miners,79,127,-221735,-46.8,1,-1.66e-9,3449348,0,0,0.276,20260521_0718,validator_metrics,21283354,-133853,10039294,0,5EWwdZB7qCCMaAso5Mzcks4UUcPxKYvpAj32t5Mg1v6HSxoF,1.00
2026-05-27 10:00:14.000,miners,1,17,63261,17679,19663,0,0,0.390,79,5EWwdZB7qCCMaAso5Mzcks4UUcPxKYvpAj32t5Mg1v6HSxoF,0,84.32.70.8:9001,-449414,-105,bittensor,-0.000937,0.00618,0.494,1612,170,miners,79,32,-449414,-105,1,-3.02e-11,396696,0,0,1.18,20260521_0718,validator_metrics,8097373,1305,2262930,0,5EWwdZB7qCCMaAso5Mzcks4UUcPxKYvpAj32t5Mg1v6HSxoF,1.00
2026-05-27 10:00:14.000,miners,1,171,390900,186517,12396,0,0,0.396,79,5EWwdZB7qCCMaAso5Mzcks4UUcPxKYvpAj32t5Mg1v6HSxoF,0,84.32.70.8:9001,-172348,-51.4,bittensor,0.00538,0,0.501,107359,51673,miners,79,29,-172348,-51.4,1,-7.29e-12,2628968,0,0,1.35,20260521_0718,validator_metrics,50035143,5788,23874168,0,5EWwdZB7qCCMaAso5Mzcks4UUcPxKYvpAj32t5Mg1v6HSxoF,1.00
2026-05-27 10:00:14.000,miners,1,172,164918,77132,9667,0,0,0.393,79,5EWwdZB7qCCMaAso5Mzcks4UUcPxKYvpAj32t5Mg1v6HSxoF,0,84.32.70.8:9001,-229434,-51.2,bittensor,-0.0131,0,0.497,77247,30878,miners,79,125,-229434,-51.2,1,-1.68e-9,3389740,0,0,0.290,20260521_0718,validator_metrics,21109514,-130000,9872884,0,5EWwdZB7qCCMaAso5Mzcks4UUcPxKYvpAj32t5Mg1v6HSxoF,1.00
2026-05-27 10:00:14.000,miners,1,173,186468,78409,20264,0,0,0.394,79,5EWwdZB7qCCMaAso5Mzcks4UUcPxKYvpAj32t5Mg1v6HSxoF,0,84.32.70.8:9001,-476717,-104,bittensor,-0.00323,0,0.499,65426,17086,miners,79,63,-476717,-104,1,-1.03e-10,175214,0,0,0.646,20260521_0718,validator_metrics,23867949,-6506,10036297,0,5EWwdZB7qCCMaAso5Mzcks4UUcPxKYvpAj32t5Mg1v6HSxoF,1.00
2026-05-27 10:00:14.000,miners,1,174,43312,15080,2612,0,0,0.396,79,5EWwdZB7qCCMaAso5Mzcks4UUcPxKYvpAj32t5Mg1v6HSxoF,0,84.32.70.8:9001,-82746,-13.0,bittensor,0.00501,0,0.501,24616,7382,miners,79,30,-82746,-13.0,1,1.33e-10,5594684,0,0,1.30,20260521_0718,validator_metrics,5543974,11964,1930183,0,5EWwdZB7qCCMaAso5Mzcks4UUcPxKYvpAj32t5Mg1v6HSxoF,1.00
2026-05-27 10:00:14.000,miners,1,175,136679,53789,20053,0,0,0.394,79,5EWwdZB7qCCMaAso5Mzcks4UUcPxKYvpAj32t5Mg1v6HSxoF,0,84.32.70.8:9001,-513956,-103,bittensor,-0.00317,0,0.499,28301,1111,miners,79,62,-513956,-103,1,-6.82e-11,227486,0,0,0.666,20260521_0718,validator_metrics,17494869,-4695,6885036,0,5EWwdZB7qCCMaAso5Mzcks4UUcPxKYvpAj32t5Mg1v6HSxoF,1.00
2026-05-27 10:00:14.000,miners,1,177,165931,66887,5249,0,0,0.392,79,5EWwdZB7qCCMaAso5Mzcks4UUcPxKYvpAj32t5Mg1v6HSxoF,0,84.32.70.8:9001,-102869,-27.5,bittensor,-0.0169,0,0.497,86700,31396,miners,79,193,-102869,-27.5,1,-1.02e-9,4786563,0,0,0.0983,20260521_0718,validator_metrics,21239171,-80261,8561488,0,5EWwdZB7qCCMaAso5Mzcks4UUcPxKYvpAj32t5Mg1v6HSxoF,1.00
2026-05-27 10:00:14.000,miners,1,178,82296,36272,10240,0,0,0.393,79,5EWwdZB7qCCMaAso5Mzcks4UUcPxKYvpAj32t5Mg1v6HSxoF,0,84.32.70.8:9001,-263923,-56.5,bittensor,-0.0135,0,0.497,42465,9977,miners,79,142,-263923,-56.5,1,-1.83e-9,3212410,0,0,0.237,20260521_0718,validator_metrics,10533945,-138331,4642819,0,5EWwdZB7qCCMaAso5Mzcks4UUcPxKYvpAj32t5Mg1v6HSxoF,1.00
2026-05-27 10:00:14.000,miners,1,179,73797,32597,9445,0,0,0.393,79,5EWwdZB7qCCMaAso5Mzcks4UUcPxKYvpAj32t5Mg1v6HSxoF,0,84.32.70.8:9001,-299769,-50.3,bittensor,-0.0141,0,0.497,38000,10340,miners,79,156,-299769,-50.3,1,-1.68e-9,3451134,0,0,0.199,20260521_0718,validator_metrics,9446058,-134172,4172370,0,5EWwdZB7qCCMaAso5Mzcks4UUcPxKYvpAj32t5Mg1v6HSxoF,1.00
2026-05-27 10:00:14.000,miners,1,182,73361,32531,9166,0,0,0.393,79,5EWwdZB7qCCMaAso5Mzcks4UUcPxKYvpAj32t5Mg1v6HSxoF,0,84.32.70.8:9001,-312044,-47.9,bittensor,-0.0133,0,0.497,39948,9926,miners,79,128,-312044,-47.9,1,-1.76e-9,3528458,0,0,0.274,20260521_0718,validator_metrics,9390181,-134854,4163985,0,5EWwdZB7qCCMaAso5Mzcks4UUcPxKYvpAj32t5Mg1v6HSxoF,1.00
2026-05-27 10:00:14.000,miners,1,184,50585,20435,6653,0,0,0.393,79,5EWwdZB7qCCMaAso5Mzcks4UUcPxKYvpAj32t5Mg1v6HSxoF,0,84.32.70.8:9001,-287413,-34.7,bittensor,-0.0140,0,0.497,27217,6640,miners,79,155,-287413,-34.7,1,-1.01e-9,4280033,0,0,0.201,20260521_0718,validator_metrics,6474818,-94272,2615621,0,5EWwdZB7qCCMaAso5Mzcks4UUcPxKYvpAj32t5Mg1v6HSxoF,1.00
2026-05-27 10:00:14.000,miners,1,187,44440,13739,1202,0,0,0.399,79,5EWwdZB7qCCMaAso5Mzcks4UUcPxKYvpAj32t5Mg1v6HSxoF,0,84.32.70.8:9001,-156549,0.445,bittensor,0.0243,0,0.505,17450,303,miners,79,20,-156549,0.445,1,9.55e-11,5982399,0,0,1.94,20260521_0718,validator_metrics,5688326,7720,1758598,0,5EWwdZB7qCCMaAso5Mzcks4UUcPxKYvpAj32t5Mg1v6HSxoF,1.00
2026-05-27 10:00:14.000,miners,1,188,139209,55133,9301,0,0,0.393,79,5EWwdZB7qCCMaAso5Mzcks4UUcPxKYvpAj32t5Mg1v6HSxoF,0,84.32.70.8:9001,-157803,-52.4,bittensor,-0.0141,0,0.497,76634,20485,miners,79,154,-157803,-52.4,1,-1.94e-9,3568122,0,0,0.208,20260521_0718,validator_metrics,17818773,-137906,7057036,0,5EWwdZB7qCCMaAso5Mzcks4UUcPxKYvpAj32t5Mg1v6HSxoF,1.00
2026-05-27 10:00:14.000,miners,1,189,402315,188056,19548,0,0,0.395,79,5EWwdZB7qCCMaAso5Mzcks4UUcPxKYvpAj32t5Mg1v6HSxoF,0,84.32.70.8:9001,-263695,-97.3,bittensor,-0.00250,0,0.499,172116,67869,miners,79,39,-263695,-97.3,1,-2.76e-11,481274,0,0,1.01,20260521_0718,validator_metrics,51496271,9375,24071222,0,5EWwdZB7qCCMaAso5Mzcks4UUcPxKYvpAj32t5Mg1v6HSxoF,1.00
2026-05-27 10:00:14.000,miners,1,19,17189,8519,8002,0,0,0.394,79,5EWwdZB7qCCMaAso5Mzcks4UUcPxKYvpAj32t5Mg1v6HSxoF,0,84.32.70.8:9001,-179989,-45.4,bittensor,-0.00500,0,0.499,10514,5192,miners,79,73,-179989,-45.4,1,-1e-11,3997441,0,0,0.558,20260521_0718,validator_metrics,2200181,-1433,1090382,0,5EWwdZB7qCCMaAso5Mzcks4UUcPxKYvpAj32t5Mg1v6HSxoF,1.00
2026-05-27 10:00:14.000,miners,1,190,166683,78880,9112,0,0,0.393,79,5EWwdZB7qCCMaAso5Mzcks4UUcPxKYvpAj32t5Mg1v6HSxoF,0,84.32.70.8:9001,-253620,-45.8,bittensor,-0.0145,0,0.497,67900,26156,miners,79,136,-253620,-45.8,1,-2.31e-9,3517396,0,0,0.258,20260521_0718,validator_metrics,21335367,-182244,10096624,0,5EWwdZB7qCCMaAso5Mzcks4UUcPxKYvpAj32t5Mg1v6HSxoF,1.00
2026-05-27 10:00:14.000,miners,1,191,64623,25960,5597,0,0,0.392,79,5EWwdZB7qCCMaAso5Mzcks4UUcPxKYvpAj32t5Mg1v6HSxoF,0,84.32.70.8:9001,-20444,-27.6,bittensor,-0.0149,0,0.496,36871,6063,miners,79,185,-20444,-27.6,1,-8.51e-11,4758051,0,0,0.114,20260521_0718,validator_metrics,8271799,-8480,3322904,0,5EWwdZB7qCCMaAso5Mzcks4UUcPxKYvpAj32t5Mg1v6HSxoF,1.00
2026-05-27 10:00:14.000,miners,1,192,191073,81256,19458,0,0,0.395,79,5EWwdZB7qCCMaAso5Mzcks4UUcPxKYvpAj32t5Mg1v6HSxoF,0,84.32.70.8:9001,-467184,-94.8,bittensor,-0.00298,0,0.499,21664,262,miners,79,56,-467184,-94.8,1,-5.99e-11,436715,0,0,0.769,20260521_0718,validator_metrics,24457321,1832,10400772,0,5EWwdZB7qCCMaAso5Mzcks4UUcPxKYvpAj32t5Mg1v6HSxoF,1.00
2026-05-27 10:00:14.000,miners,1,193,389693,182263,19282,0,0,0.395,79,5EWwdZB7qCCMaAso5Mzcks4UUcPxKYvpAj32t5Mg1v6HSxoF,0,84.32.70.8:9001,-218352,-102,bittensor,-0.00254,0,0.499,116255,45404,miners,79,48,-218352,-102,1,-3.45e-11,602405,0,0,0.854,20260521_0718,validator_metrics,49880741,9416,23329627,0,5EWwdZB7qCCMaAso5Mzcks4UUcPxKYvpAj32t5Mg1v6HSxoF,1.00
2026-05-27 10:00:14.000,miners,1,194,86000,38772,8747,0,0,0.393,79,5EWwdZB7qCCMaAso5Mzcks4UUcPxKYvpAj32t5Mg1v6HSxoF,0,84.32.70.8:9001,-296419,-45.5,bittensor,-0.0158,0,0.497,46968,13914,miners,79,189,-296419,-45.5,1,-1.88e-9,3667894,0,0,0.108,20260521_0718,validator_metrics,11007965,-138696,4962843,0,5EWwdZB7qCCMaAso5Mzcks4UUcPxKYvpAj32t5Mg1v6HSxoF,1.00
2026-05-27 10:00:14.000,miners,1,196,161232,65546,6667,0,0,0.393,79,5EWwdZB7qCCMaAso5Mzcks4UUcPxKYvpAj32t5Mg1v6HSxoF,0,84.32.70.8:9001,-108745,-38.6,bittensor,-0.0121,0,0.498,89351,27373,miners,79,104,-108745,-38.6,1,-7.96e-10,4369224,0,0,0.355,20260521_0718,validator_metrics,20637756,-68632,8389887,0,5EWwdZB7qCCMaAso5Mzcks4UUcPxKYvpAj32t5Mg1v6HSxoF,1.00
2026-05-27 10:00:14.000,miners,1,197,90142,40616,9122,0,0,0.393,79,5EWwdZB7qCCMaAso5Mzcks4UUcPxKYvpAj32t5Mg1v6HSxoF,0,84.32.70.8:9001,-332621,-48.4,bittensor,-0.0154,0,0.497,41639,10445,miners,79,183,-332621,-48.4,1,-2.14e-9,3531849,0,0,0.118,20260521_0718,validator_metrics,11538159,-155060,5198870,0,5EWwdZB7qCCMaAso5Mzcks4UUcPxKYvpAj32t5Mg1v6HSxoF,1.00
2026-05-27 10:00:14.000,miners,1,198,8222,3452,7607,0,0,0.396,79,5EWwdZB7qCCMaAso5Mzcks4UUcPxKYvpAj32t5Mg1v6HSxoF,0,84.32.70.8:9001,-252485,-43.6,bittensor,0.00580,0,0.501,530,133,miners,79,26,-252485,-43.6,1,9.57e-12,4122198,0,0,1.43,20260521_0718,validator_metrics,1052421,1982,441919,0,5EWwdZB7qCCMaAso5Mzcks4UUcPxKYvpAj32t5Mg1v6HSxoF,1.00
2026-05-27 10:00:14.000,miners,1,199,102694,37169,19534,0,0,0.395,79,5EWwdZB7qCCMaAso5Mzcks4UUcPxKYvpAj32t5Mg1v6HSxoF,0,84.32.70.8:9001,-460184,-102,bittensor,-0.00286,0,0.499,2899,243,miners,79,55,-460184,-102,1,-3.96e-11,426821,0,0,0.781,20260521_0718,validator_metrics,13144832,156,4757644,0,5EWwdZB7qCCMaAso5Mzcks4UUcPxKYvpAj32t5Mg1v6HSxoF,1.00
2026-05-27 10:00:14.000,miners,1,2,93050,41903,9674,0,0,0.393,79,5EWwdZB7qCCMaAso5Mzcks4UUcPxKYvpAj32t5Mg1v6HSxoF,0,84.32.70.8:9001,-322628,-51.6,bittensor,-0.0146,0,0.497,47686,13584,miners,79,168,-322628,-51.6,1,-1.98e-9,3373264,0,0,0.148,20260521_0718,validator_metrics,11910424,-143800,5363545,0,5EWwdZB7qCCMaAso5Mzcks4UUcPxKYvpAj32t5Mg1v6HSxoF,1.00
2026-05-27 10:00:14.000,miners,1,200,305095,148124,9649,0,0,0.396,79,5EWwdZB7qCCMaAso5Mzcks4UUcPxKYvpAj32t5Mg1v6HSxoF,0,84.32.70.8:9001,-122142,-42.3,bittensor,0.00810,0,0.502,46973,23139,miners,79,19,-122142,-42.3,1,7.68e-11,3464757,0,0,2.03,20260521_0718,validator_metrics,39052151,7539,18959815,0,5EWwdZB7qCCMaAso5Mzcks4UUcPxKYvpAj32t5Mg1v6HSxoF,1.00
2026-05-27 10:00:14.000,miners,1,201,65947,32679,8589,69.5,139,0.395,79,5EWwdZB7qCCMaAso5Mzcks4UUcPxKYvpAj32t5Mg1v6HSxoF,0,84.32.70.8:9001,-254762,-38.2,bittensor,-0.000432,0,0.500,4696,2309,miners,79,37,-254762,-38.2,1,-3.22e-12,3851846,8171,16342,1.05,20260521_0718,validator_metrics,8441213,-1135,4182903,0,5EWwdZB7qCCMaAso5Mzcks4UUcPxKYvpAj32t5Mg1v6HSxoF,1.00
2026-05-27 10:00:14.000,miners,1,202,74367,27040,41.6,0,0,0.399,79,5EWwdZB7qCCMaAso5Mzcks4UUcPxKYvpAj32t5Mg1v6HSxoF,0,84.32.70.8:9001,92433,0.138,bittensor,0.0278,0,0.506,34377,7273,miners,79,6,92433,0.138,1,1.48e-10,6502147,0,0,5.02,20260521_0718,validator_metrics,9518943,18279,3461132,0,5EWwdZB7qCCMaAso5Mzcks4UUcPxKYvpAj32t5Mg1v6HSxoF,1.00
2026-05-27 10:00:14.000,miners,1,203,158782,65731,19349,0,0,0.395,79,5EWwdZB7qCCMaAso5Mzcks4UUcPxKYvpAj32t5Mg1v6HSxoF,0,84.32.70.8:9001,-482287,-102,bittensor,-0.00259,0,0.499,11605,179,miners,79,46,-482287,-102,1,-8.98e-11,465497,0,0,0.873,20260521_0718,validator_metrics,20324103,-2357,8413573,0,5EWwdZB7qCCMaAso5Mzcks4UUcPxKYvpAj32t5Mg1v6HSxoF,1.00
2026-05-27 10:00:14.000,miners,1,204,172197,69375,4688,0,0,0.392,79,5EWwdZB7qCCMaAso5Mzcks4UUcPxKYvpAj32t5Mg1v6HSxoF,0,84.32.70.8:9001,-105008,-26.0,bittensor,-0.0172,0,0.497,90629,28929,miners,79,196,-105008,-26.0,1,-9.47e-10,4947284,0,0,0.0947,20260521_0718,validator_metrics,22041258,-75176,8879985,0,5EWwdZB7qCCMaAso5Mzcks4UUcPxKYvpAj32t5Mg1v6HSxoF,1.00
2026-05-27 10:00:14.000,miners,1,205,32237,3768,19467,0,0,0.360,79,5EWwdZB7qCCMaAso5Mzcks4UUcPxKYvpAj32t5Mg1v6HSxoF,0,84.32.70.8:9001,-124888,-99.8,bittensor,0.0395,0.0500,0.456,1016,151,miners,79,205,-124888,-99.8,1,-7.39e-13,636770,0,0,0.0452,20260521_0718,validator_metrics,4126384,9762,482245,0,5EWwdZB7qCCMaAso5Mzcks4UUcPxKYvpAj32t5Mg1v6HSxoF,1.00
2026-05-27 10:00:14.000,miners,1,206,82428,40909,8296,102,205,0.395,79,5EWwdZB7qCCMaAso5Mzcks4UUcPxKYvpAj32t5Mg1v6HSxoF,0,84.32.70.8:9001,-235661,-39.9,bittensor,0.00241,0,0.500,10609,5254,miners,79,31,-235661,-39.9,1,2.88e-12,3943895,1713,3425,1.20,20260521_0718,validator_metrics,10550787,1559,5236312,0,5EWwdZB7qCCMaAso5Mzcks4UUcPxKYvpAj32t5Mg1v6HSxoF,1.00
2026-05-27 10:00:14.000,miners,1,208,97906,43833,8697,0,0,0.393,79,5EWwdZB7qCCMaAso5Mzcks4UUcPxKYvpAj32t5Mg1v6HSxoF,0,84.32.70.8:9001,-238793,-44.8,bittensor,-0.0146,0,0.497,52317,11955,miners,79,172,-238793,-44.8,1,-2.14e-9,3686052,0,0,0.142,20260521_0718,validator_metrics,12531953,-152022,5610571,0,5EWwdZB7qCCMaAso5Mzcks4UUcPxKYvpAj32t5Mg1v6HSxoF,1.00
2026-05-27 10:00:14.000,miners,1,209,170563,69524,5977,0,0,0.393,79,5EWwdZB7qCCMaAso5Mzcks4UUcPxKYvpAj32t5Mg1v6HSxoF,0,84.32.70.8:9001,-103437,-32.5,bittensor,-0.0137,0,0.497,89051,29185,miners,79,140,-103437,-32.5,1,-8.46e-10,4575191,0,0,0.239,20260521_0718,validator_metrics,21832122,-66374,8899078,0,5EWwdZB7qCCMaAso5Mzcks4UUcPxKYvpAj32t5Mg1v6HSxoF,1.00
2026-05-27 10:00:14.000,miners,1,21,91162,39891,12293,0,0,0.393,79,5EWwdZB7qCCMaAso5Mzcks4UUcPxKYvpAj32t5Mg1v6HSxoF,0,84.32.70.8:9001,-291344,-66.0,bittensor,-0.0115,0,0.498,51007,12898,miners,79,83,-291344,-66.0,1,-1.52e-9,2621951,0,0,0.433,20260521_0718,validator_metrics,11668774,-112718,5106012,0,5EWwdZB7qCCMaAso5Mzcks4UUcPxKYvpAj32t5Mg1v6HSxoF,1.00
2026-05-27 10:00:14.000,miners,1,210,102273,46213,9401,0,0,0.393,79,5EWwdZB7qCCMaAso5Mzcks4UUcPxKYvpAj32t5Mg1v6HSxoF,0,84.32.70.8:9001,-176994,-48.8,bittensor,-0.0139,0,0.497,49235,15049,miners,79,153,-176994,-48.8,1,-2.06e-9,3511780,0,0,0.211,20260521_0718,validator_metrics,13090944,-146675,5915210,0,5EWwdZB7qCCMaAso5Mzcks4UUcPxKYvpAj32t5Mg1v6HSxoF,1.00
2026-05-27 10:00:14.000,miners,1,211,44220,15629,2601,0,0,0.399,79,5EWwdZB7qCCMaAso5Mzcks4UUcPxKYvpAj32t5Mg1v6HSxoF,0,84.32.70.8:9001,-45488,-13.0,bittensor,0.0273,0,0.505,14381,2656,miners,79,9,-45488,-13.0,1,2.58e-10,5619634,0,0,3.72,20260521_0718,validator_metrics,5660160,33150,2000460,0,5EWwdZB7qCCMaAso5Mzcks4UUcPxKYvpAj32t5Mg1v6HSxoF,1.00
2026-05-27 10:00:14.000,miners,1,212,142919,57577,8420,0,0,0.393,79,5EWwdZB7qCCMaAso5Mzcks4UUcPxKYvpAj32t5Mg1v6HSxoF,0,84.32.70.8:9001,-155008,-44.1,bittensor,-0.0143,0,0.497,80728,24636,miners,79,160,-155008,-44.1,1,-2.02e-9,3828891,0,0,0.179,20260521_0718,validator_metrics,18293606,-147998,7369861,0,5EWwdZB7qCCMaAso5Mzcks4UUcPxKYvpAj32t5Mg1v6HSxoF,1.00
2026-05-27 10:00:14.000,miners,1,213,91055,40409,11070,0,0,0.393,79,5EWwdZB7qCCMaAso5Mzcks4UUcPxKYvpAj32t5Mg1v6HSxoF,0,84.32.70.8:9001,-328954,-59.5,bittensor,-0.0126,0,0.497,48833,12713,miners,79,114,-328954,-59.5,1,-1.82e-9,2957846,0,0,0.319,20260521_0718,validator_metrics,11654995,-138702,5172403,0,5EWwdZB7qCCMaAso5Mzcks4UUcPxKYvpAj32t5Mg1v6HSxoF,1.00
2026-05-27 10:00:14.000,miners,1,214,391131,183054,19295,0,0,0.395,79,5EWwdZB7qCCMaAso5Mzcks4UUcPxKYvpAj32t5Mg1v6HSxoF,0,84.32.70.8:9001,-266636,-91.3,bittensor,-0.00251,0,0.499,119928,47359,miners,79,47,-266636,-91.3,1,-3.68e-11,549074,0,0,0.864,20260521_0718,validator_metrics,50064828,3173,23430951,0,5EWwdZB7qCCMaAso5Mzcks4UUcPxKYvpAj32t5Mg1v6HSxoF,1.00
2026-05-27 10:00:14.000,miners,1,215,170389,80308,8837,0,0,0.393,79,5EWwdZB7qCCMaAso5Mzcks4UUcPxKYvpAj32t5Mg1v6HSxoF,0,84.32.70.8:9001,-220401,-43.0,bittensor,-0.0141,0,0.497,88247,30349,miners,79,161,-220401,-43.0,1,-1.76e-9,3638880,0,0,0.178,20260521_0718,validator_metrics,21809771,-137317,10279488,0,5EWwdZB7qCCMaAso5Mzcks4UUcPxKYvpAj32t5Mg1v6HSxoF,1.00
2026-05-27 10:00:14.000,miners,1,216,68014,33837,8404,75.0,150,0.395,79,5EWwdZB7qCCMaAso5Mzcks4UUcPxKYvpAj32t5Mg1v6HSxoF,0,84.32.70.8:9001,-231535,-44.8,bittensor,0.00100,0,0.500,3978,1968,miners,79,35,-231535,-44.8,1,3.36e-12,3901794,478,956,1.11,20260521_0718,validator_metrics,8705778,1220,4331128,0,5EWwdZB7qCCMaAso5Mzcks4UUcPxKYvpAj32t5Mg1v6HSxoF,1.00
2026-05-27 10:00:14.000,miners,1,218,72357,31934,9407,0,0,0.393,79,5EWwdZB7qCCMaAso5Mzcks4UUcPxKYvpAj32t5Mg1v6HSxoF,0,84.32.70.8:9001,-298914,-52.1,bittensor,-0.0136,0,0.497,36467,8589,miners,79,147,-298914,-52.1,1,-1.68e-9,3468010,0,0,0.230,20260521_0718,validator_metrics,9261709,-124200,4087541,0,5EWwdZB7qCCMaAso5Mzcks4UUcPxKYvpAj32t5Mg1v6HSxoF,1.00
2026-05-27 10:00:14.000,miners,1,219,165182,77767,9798,0,0,0.393,79,5EWwdZB7qCCMaAso5Mzcks4UUcPxKYvpAj32t5Mg1v6HSxoF,0,84.32.70.8:9001,-245600,-49.4,bittensor,-0.0135,0,0.497,71288,28570,miners,79,138,-245600,-49.4,1,-2.01e-9,3321951,0,0,0.246,20260521_0718,validator_metrics,21143328,-158133,9954153,0,5EWwdZB7qCCMaAso5Mzcks4UUcPxKYvpAj32t5Mg1v6HSxoF,1.00
2026-05-27 10:00:14.000,miners,1,22,14497,7212,8174,0,0,0.394,79,5EWwdZB7qCCMaAso5Mzcks4UUcPxKYvpAj32t5Mg1v6HSxoF,0,84.32.70.8:9001,-185496,-41.4,bittensor,-0.00702,0,0.499,8818,4399,miners,79,75,-185496,-41.4,1,-1.78e-11,3946074,0,0,0.533,20260521_0718,validator_metrics,1855617,-1629,923152,0,5EWwdZB7qCCMaAso5Mzcks4UUcPxKYvpAj32t5Mg1v6HSxoF,1.00
2026-05-27 10:00:14.000,miners,1,220,53466,21255,5494,0,0,0.393,79,5EWwdZB7qCCMaAso5Mzcks4UUcPxKYvpAj32t5Mg1v6HSxoF,0,84.32.70.8:9001,-280972,-26.6,bittensor,-0.0141,0,0.497,24244,7518,miners,79,159,-280972,-26.6,1,-9.86e-10,4621873,0,0,0.180,20260521_0718,validator_metrics,6843700,-99652,2720698,0,5EWwdZB7qCCMaAso5Mzcks4UUcPxKYvpAj32t5Mg1v6HSxoF,1.00
2026-05-27 10:00:14.000,miners,1,221,172970,72449,19319,0,0,0.395,79,5EWwdZB7qCCMaAso5Mzcks4UUcPxKYvpAj32t5Mg1v6HSxoF,0,84.32.70.8:9001,-480614,-100,bittensor,-0.00301,0,0.499,27590,1294,miners,79,58,-480614,-100,1,-4.27e-11,464084,0,0,0.746,20260521_0718,validator_metrics,22140160,-484,9273411,0,5EWwdZB7qCCMaAso5Mzcks4UUcPxKYvpAj32t5Mg1v6HSxoF,1.00
2026-05-27 10:00:14.000,miners,1,222,75288,33291,8271,0,0,0.393,79,5EWwdZB7qCCMaAso5Mzcks4UUcPxKYvpAj32t5Mg1v6HSxoF,0,84.32.70.8:9001,-303909,-41.5,bittensor,-0.0145,0,0.497,39833,10810,miners,79,165,-303909,-41.5,1,-1.87e-9,3792239,0,0,0.157,20260521_0718,validator_metrics,9636884,-151573,4261223,0,5EWwdZB7qCCMaAso5Mzcks4UUcPxKYvpAj32t5Mg1v6HSxoF,1.00
2026-05-27 10:00:14.000,miners,1,223,154359,61614,10189,0,0,0.393,79,5EWwdZB7qCCMaAso5Mzcks4UUcPxKYvpAj32t5Mg1v6HSxoF,0,84.32.70.8:9001,-242708,-47.7,bittensor,-0.0135,0,0.497,85143,24923,miners,79,126,-242708,-47.7,1,-2.05e-9,3210729,0,0,0.280,20260521_0718,validator_metrics,19757915,-151669,7886533,0,5EWwdZB7qCCMaAso5Mzcks4UUcPxKYvpAj32t5Mg1v6HSxoF,1.00
2026-05-27 10:00:14.000,miners,1,224,163583,77295,9629,0,0,0.393,79,5EWwdZB7qCCMaAso5Mzcks4UUcPxKYvpAj32t5Mg1v6HSxoF,0,84.32.70.8:9001,-244082,-49.0,bittensor,-0.0141,0,0.497,74215,30796,miners,79,148,-244082,-49.0,1,-2.12e-9,3374770,0,0,0.228,20260521_0718,validator_metrics,20938631,-161633,9893714,0,5EWwdZB7qCCMaAso5Mzcks4UUcPxKYvpAj32t5Mg1v6HSxoF,1.00
2026-05-27 10:00:14.000,miners,1,225,175122,73417,19546,0,0,0.395,79,5EWwdZB7qCCMaAso5Mzcks4UUcPxKYvpAj32t5Mg1v6HSxoF,0,84.32.70.8:9001,-467852,-99.9,bittensor,-0.00286,0,0.499,11597,168,miners,79,52,-467852,-99.9,1,-4.64e-11,420625,0,0,0.819,20260521_0718,validator_metrics,22415646,2148,9397416,0,5EWwdZB7qCCMaAso5Mzcks4UUcPxKYvpAj32t5Mg1v6HSxoF,1.00
2026-05-27 10:00:14.000,miners,1,226,165501,77895,9164,0,0,0.393,79,5EWwdZB7qCCMaAso5Mzcks4UUcPxKYvpAj32t5Mg1v6HSxoF,0,84.32.70.8:9001,-217548,-48.2,bittensor,-0.0134,0,0.497,86718,33388,miners,79,133,-217548,-48.2,1,-1.84e-9,3549414,0,0,0.267,20260521_0718,validator_metrics,21184136,-133566,9970500,0,5EWwdZB7qCCMaAso5Mzcks4UUcPxKYvpAj32t5Mg1v6HSxoF,1.00
2026-05-27 10:00:14.000,miners,1,227,91459,32559,40.9,0,0,0.399,79,5EWwdZB7qCCMaAso5Mzcks4UUcPxKYvpAj32t5Mg1v6HSxoF,0,84.32.70.8:9001,141964,0.268,bittensor,0.0242,0,0.505,47800,8933,miners,79,17,141964,0.268,1,1.45e-10,6530080,0,0,2.34,20260521_0718,validator_metrics,11706738,17923,4167496,0,5EWwdZB7qCCMaAso5Mzcks4UUcPxKYvpAj32t5Mg1v6HSxoF,1.00
2026-05-27 10:00:14.000,miners,1,228,101517,46486,8560,0,0,0.392,79,5EWwdZB7qCCMaAso5Mzcks4UUcPxKYvpAj32t5Mg1v6HSxoF,0,84.32.70.8:9001,-263218,-47.4,bittensor,-0.0164,0,0.497,55629,15480,miners,79,191,-263218,-47.4,1,-2.14e-9,3731418,0,0,0.103,20260521_0718,validator_metrics,12994226,-157086,5950271,0,5EWwdZB7qCCMaAso5Mzcks4UUcPxKYvpAj32t5Mg1v6HSxoF,1.00
2026-05-27 10:00:14.000,miners,1,229,206966,89105,19878,0,0,0.395,79,5EWwdZB7qCCMaAso5Mzcks4UUcPxKYvpAj32t5Mg1v6HSxoF,0,84.32.70.8:9001,-472671,-99.1,bittensor,-0.00266,0,0.499,13257,311,miners,79,50,-472671,-99.1,1,-6.06e-11,316016,0,0,0.837,20260521_0718,validator_metrics,26491627,-223,11405452,0,5EWwdZB7qCCMaAso5Mzcks4UUcPxKYvpAj32t5Mg1v6HSxoF,1.00
2026-05-27 10:00:14.000,miners,1,23,165373,77488,9586,0,0,0.393,79,5EWwdZB7qCCMaAso5Mzcks4UUcPxKYvpAj32t5Mg1v6HSxoF,0,84.32.70.8:9001,-217420,-49.3,bittensor,-0.0135,0,0.497,79335,29881,miners,79,129,-217420,-49.3,1,-1.69e-9,3426730,0,0,0.272,20260521_0718,validator_metrics,21167765,-125810,9918427,0,5EWwdZB7qCCMaAso5Mzcks4UUcPxKYvpAj32t5Mg1v6HSxoF,1.00
2026-05-27 10:00:14.000,miners,1,230,164114,77341,9354,0,0,0.393,79,5EWwdZB7qCCMaAso5Mzcks4UUcPxKYvpAj32t5Mg1v6HSxoF,0,84.32.70.8:9001,-213374,-50.3,bittensor,-0.0137,0,0.497,80693,29942,miners,79,149,-213374,-50.3,1,-1.55e-9,3495648,0,0,0.227,20260521_0718,validator_metrics,21006651,-131231,9899605,0,5EWwdZB7qCCMaAso5Mzcks4UUcPxKYvpAj32t5Mg1v6HSxoF,1.00
2026-05-27 10:00:14.000,miners,1,232,82349,30859,220,0,0,0.399,79,5EWwdZB7qCCMaAso5Mzcks4UUcPxKYvpAj32t5Mg1v6HSxoF,0,84.32.70.8:9001,47366,-0.0405,bittensor,0.0255,0,0.505,37673,10800,miners,79,7,47366,-0.0405,1,9.02e-10,6502897,0,0,3.99,20260521_0718,validator_metrics,10540719,97153,3949988,0,5EWwdZB7qCCMaAso5Mzcks4UUcPxKYvpAj32t5Mg1v6HSxoF,1.00
2026-05-27 10:00:14.000,miners,1,234,86033,38437,7970,0,0,0.393,79,5EWwdZB7qCCMaAso5Mzcks4UUcPxKYvpAj32t5Mg1v6HSxoF,0,84.32.70.8:9001,-311130,-41.5,bittensor,-0.0151,0,0.497,40294,12635,miners,79,178,-311130,-41.5,1,-2.13e-9,3874269,0,0,0.128,20260521_0718,validator_metrics,11012181,-170483,4919904,0,5EWwdZB7qCCMaAso5Mzcks4UUcPxKYvpAj32t5Mg1v6HSxoF,1.00
2026-05-27 10:00:14.000,miners,1,235,212143,96306,132,0,0,0.400,79,5EWwdZB7qCCMaAso5Mzcks4UUcPxKYvpAj32t5Mg1v6HSxoF,0,84.32.70.8:9001,-60399,1.21,bittensor,0.0314,0,0.506,50161,14928,miners,79,12,-60399,1.21,1,1.46e-10,6304714,0,0,2.87,20260521_0718,validator_metrics,27154329,12621,12327147,0,5EWwdZB7qCCMaAso5Mzcks4UUcPxKYvpAj32t5Mg1v6HSxoF,1.00
2026-05-27 10:00:14.000,miners,1,237,39796,13482,2609,0,0,0.405,79,5EWwdZB7qCCMaAso5Mzcks4UUcPxKYvpAj32t5Mg1v6HSxoF,0,84.32.70.8:9001,-76142,-14.6,bittensor,0.0608,0,0.512,16228,5963,miners,79,5,-76142,-14.6,1,1.79e-10,5601409,0,0,6.48,20260521_0718,validator_metrics,5093825,20359,1725677,0,5EWwdZB7qCCMaAso5Mzcks4UUcPxKYvpAj32t5Mg1v6HSxoF,1.00
2026-05-27 10:00:14.000,miners,1,239,114520,52551,8306,0,0,0.393,79,5EWwdZB7qCCMaAso5Mzcks4UUcPxKYvpAj32t5Mg1v6HSxoF,0,84.32.70.8:9001,-169024,-42.2,bittensor,-0.0156,0,0.497,58467,17634,miners,79,182,-169024,-42.2,1,-2.31e-9,3846917,0,0,0.120,20260521_0718,validator_metrics,14658612,-160523,6726510,0,5EWwdZB7qCCMaAso5Mzcks4UUcPxKYvpAj32t5Mg1v6HSxoF,1.00
2026-05-27 10:00:14.000,miners,1,24,110794,49075,12719,0,0,0.393,79,5EWwdZB7qCCMaAso5Mzcks4UUcPxKYvpAj32t5Mg1v6HSxoF,0,84.32.70.8:9001,-191913,-69.5,bittensor,-0.0118,0,0.498,62392,17303,miners,79,90,-191913,-69.5,1,-1.37e-9,2545586,0,0,0.405,20260521_0718,validator_metrics,14181570,-112250,6281646,0,5EWwdZB7qCCMaAso5Mzcks4UUcPxKYvpAj32t5Mg1v6HSxoF,1.00
2026-05-27 10:00:14.000,miners,1,240,116936,53547,7867,0,0,0.393,79,5EWwdZB7qCCMaAso5Mzcks4UUcPxKYvpAj32t5Mg1v6HSxoF,0,84.32.70.8:9001,-162493,-37.9,bittensor,-0.0156,0,0.497,58428,20552,miners,79,180,-162493,-37.9,1,-2.34e-9,3982973,0,0,0.124,20260521_0718,validator_metrics,14967822,-158291,6853983,0,5EWwdZB7qCCMaAso5Mzcks4UUcPxKYvpAj32t5Mg1v6HSxoF,1.00
2026-05-27 10:00:14.000,miners,1,241,110162,41522,18926,0,0,0.395,79,5EWwdZB7qCCMaAso5Mzcks4UUcPxKYvpAj32t5Mg1v6HSxoF,0,84.32.70.8:9001,-437771,-91.5,bittensor,-0.00208,0,0.500,2075,158,miners,79,36,-437771,-91.5,1,-1.84e-11,621394,0,0,1.10,20260521_0718,validator_metrics,14100788,2507,5314787,0,5EWwdZB7qCCMaAso5Mzcks4UUcPxKYvpAj32t5Mg1v6HSxoF,1.00
2026-05-27 10:00:14.000,miners,1,244,406976,189071,18712,0,0,0.395,79,5EWwdZB7qCCMaAso5Mzcks4UUcPxKYvpAj32t5Mg1v6HSxoF,0,84.32.70.8:9001,-205784,-81.0,bittensor,0.00219,0,0.500,152277,59005,miners,79,27,-205784,-81.0,1,-8.12e-12,782968,0,0,1.42,20260521_0718,validator_metrics,52092973,10548,24201098,0,5EWwdZB7qCCMaAso5Mzcks4UUcPxKYvpAj32t5Mg1v6HSxoF,1.00
2026-05-27 10:00:14.000,miners,1,246,8786,4370,8298,0,0,0.394,79,5EWwdZB7qCCMaAso5Mzcks4UUcPxKYvpAj32t5Mg1v6HSxoF,0,84.32.70.8:9001,-135382,-34.6,bittensor,-0.00782,0,0.498,4005,1999,miners,79,76,-135382,-34.6,1,-9.68e-12,3910285,0,0,0.489,20260521_0718,validator_metrics,1124638,-450,559339,0,5EWwdZB7qCCMaAso5Mzcks4UUcPxKYvpAj32t5Mg1v6HSxoF,1.00
2026-05-27 10:00:14.000,miners,1,247,396885,184198,19669,0,0,0.395,79,5EWwdZB7qCCMaAso5Mzcks4UUcPxKYvpAj32t5Mg1v6HSxoF,0,84.32.70.8:9001,-217140,-100,bittensor,-0.00244,0,0.500,136818,53913,miners,79,44,-217140,-100,1,-2.38e-11,488873,0,0,0.964,20260521_0718,validator_metrics,50801281,9580,23577353,0,5EWwdZB7qCCMaAso5Mzcks4UUcPxKYvpAj32t5Mg1v6HSxoF,1.00
2026-05-27 10:00:14.000,miners,1,248,379388,177697,17400,0,0,0.394,79,5EWwdZB7qCCMaAso5Mzcks4UUcPxKYvpAj32t5Mg1v6HSxoF,0,84.32.70.8:9001,-244912,-97.5,bittensor,-0.00342,0,0.499,38472,4414,miners,79,65,-244912,-97.5,1,-8.99e-11,1186292,0,0,0.628,20260521_0718,validator_metrics,48561703,-1267,22745227,0,5EWwdZB7qCCMaAso5Mzcks4UUcPxKYvpAj32t5Mg1v6HSxoF,1.00
2026-05-27 10:00:14.000,miners,1,25,92487,41919,8105,0,0,0.393,79,5EWwdZB7qCCMaAso5Mzcks4UUcPxKYvpAj32t5Mg1v6HSxoF,0,84.32.70.8:9001,-259429,-41.3,bittensor,-0.0158,0,0.497,50571,12203,miners,79,188,-259429,-41.3,1,-2.42e-9,3858521,0,0,0.111,20260521_0718,validator_metrics,11838317,-165152,5365587,0,5EWwdZB7qCCMaAso5Mzcks4UUcPxKYvpAj32t5Mg1v6HSxoF,1.00
2026-05-27 10:00:14.000,miners,1,251,304068,147653,9721,0,0,0.396,79,5EWwdZB7qCCMaAso5Mzcks4UUcPxKYvpAj32t5Mg1v6HSxoF,0,84.32.70.8:9001,-130032,-48.9,bittensor,0.00796,0,0.502,56720,25431,miners,79,21,-130032,-48.9,1,7.12e-11,3439705,0,0,1.87,20260521_0718,validator_metrics,38920712,6201,18899626,0,5EWwdZB7qCCMaAso5Mzcks4UUcPxKYvpAj32t5Mg1v6HSxoF,1.00
2026-05-27 10:00:14.000,miners,1,252,36717,5300,19514,0,0,0.395,79,5EWwdZB7qCCMaAso5Mzcks4UUcPxKYvpAj32t5Mg1v6HSxoF,0,84.32.70.8:9001,-365482,-101,bittensor,-0.00289,0,0.499,1541,222,miners,79,59,-365482,-101,1,-1.97e-11,485305,0,0,0.721,20260521_0718,validator_metrics,4699814,4288,678420,0,5EWwdZB7qCCMaAso5Mzcks4UUcPxKYvpAj32t5Mg1v6HSxoF,1.00
2026-05-27 10:00:14.000,miners,1,256,0.000100,0.000400,8357,0,0,None,79,5EWwdZB7qCCMaAso5Mzcks4UUcPxKYvpAj32t5Mg1v6HSxoF,0,84.32.70.8:9001,-87243,-40.8,bittensor,None,None,None,0,0,miners,79,237,-85394,-40.8,1,None,3892805,0,0,8.41e-44,20260521_0718,validator_metrics,0.0171,0,0.0478,0,5EWwdZB7qCCMaAso5Mzcks4UUcPxKYvpAj32t5Mg1v6HSxoF,1.00
2026-05-27 10:00:14.000,miners,1,26,185412,78011,20339,0,0,0.394,79,5EWwdZB7qCCMaAso5Mzcks4UUcPxKYvpAj32t5Mg1v6HSxoF,0,84.32.70.8:9001,-497750,-102,bittensor,-0.00411,0,0.499,54404,11633,miners,79,68,-497750,-102,1,-5.22e-11,131511,0,0,0.593,20260521_0718,validator_metrics,23732798,-919,9985391,0,5EWwdZB7qCCMaAso5Mzcks4UUcPxKYvpAj32t5Mg1v6HSxoF,1.00
2026-05-27 10:00:14.000,miners,1,27,85372,38869,8696,0,0,0.393,79,5EWwdZB7qCCMaAso5Mzcks4UUcPxKYvpAj32t5Mg1v6HSxoF,0,84.32.70.8:9001,-290209,-45.1,bittensor,-0.0143,0,0.497,47943,12900,miners,79,164,-290209,-45.1,1,-1.94e-9,3688309,0,0,0.159,20260521_0718,validator_metrics,10927563,-146492,4975287,0,5EWwdZB7qCCMaAso5Mzcks4UUcPxKYvpAj32t5Mg1v6HSxoF,1.00
2026-05-27 10:00:14.000,miners,1,28,101614,44663,12629,0,0,0.393,79,5EWwdZB7qCCMaAso5Mzcks4UUcPxKYvpAj32t5Mg1v6HSxoF,0,84.32.70.8:9001,-165859,-67.4,bittensor,-0.0115,0,0.498,61037,18782,miners,79,81,-165859,-67.4,1,-1.33e-9,2585950,0,0,0.437,20260521_0718,validator_metrics,13006608,-88531,5716881,0,5EWwdZB7qCCMaAso5Mzcks4UUcPxKYvpAj32t5Mg1v6HSxoF,1.00
2026-05-27 10:00:14.000,miners,1,29,88974,39936,7110,0,0,0.393,79,5EWwdZB7qCCMaAso5Mzcks4UUcPxKYvpAj32t5Mg1v6HSxoF,0,84.32.70.8:9001,-287002,-36.3,bittensor,-0.0157,0,0.497,45862,12261,miners,79,184,-287002,-36.3,1,-2.2e-9,4154487,0,0,0.116,20260521_0718,validator_metrics,11388728,-156289,5111780,0,5EWwdZB7qCCMaAso5Mzcks4UUcPxKYvpAj32t5Mg1v6HSxoF,1.00
2026-05-27 10:00:14.000,miners,1,3,162655,76098,8801,0,0,0.393,79,5EWwdZB7qCCMaAso5Mzcks4UUcPxKYvpAj32t5Mg1v6HSxoF,0,84.32.70.8:9001,-211287,-44.8,bittensor,-0.0141,0,0.497,82319,30147,miners,79,162,-211287,-44.8,1,-1.83e-9,3657213,0,0,0.177,20260521_0718,validator_metrics,20819895,-133431,9740536,0,5EWwdZB7qCCMaAso5Mzcks4UUcPxKYvpAj32t5Mg1v6HSxoF,1.00
2026-05-27 10:00:14.000,miners,1,31,149620,58094,11725,0,0,0.393,79,5EWwdZB7qCCMaAso5Mzcks4UUcPxKYvpAj32t5Mg1v6HSxoF,0,84.32.70.8:9001,-253172,-57.9,bittensor,-0.0111,0,0.498,79557,21970,miners,79,102,-253172,-57.9,1,-1.56e-9,2757208,0,0,0.357,20260521_0718,validator_metrics,19151387,-124516,7435994,0,5EWwdZB7qCCMaAso5Mzcks4UUcPxKYvpAj32t5Mg1v6HSxoF,1.00
2026-05-27 10:00:14.000,miners,1,32,166226,76298,3095,0,0,0.412,79,5EWwdZB7qCCMaAso5Mzcks4UUcPxKYvpAj32t5Mg1v6HSxoF,0,84.32.70.8:9001,-80597,-12.4,bittensor,0.110,0,0.522,42629,18451,miners,79,1,-80597,-12.4,1,9.17e-10,5560744,0,0,15.8,20260521_0718,validator_metrics,21276954,83338,9766181,0,5EWwdZB7qCCMaAso5Mzcks4UUcPxKYvpAj32t5Mg1v6HSxoF,1.00
2026-05-27 10:00:14.000,miners,1,34,157864,73682,10569,0,0,0.393,79,5EWwdZB7qCCMaAso5Mzcks4UUcPxKYvpAj32t5Mg1v6HSxoF,0,84.32.70.8:9001,-247161,-45.5,bittensor,-0.0125,0,0.497,70487,26710,miners,79,98,-247161,-45.5,1,-1.86e-9,3095601,0,0,0.374,20260521_0718,validator_metrics,20206654,-147037,9431264,0,5EWwdZB7qCCMaAso5Mzcks4UUcPxKYvpAj32t5Mg1v6HSxoF,1.00
2026-05-27 10:00:14.000,miners,1,35,71901,31967,9418,0,0,0.393,79,5EWwdZB7qCCMaAso5Mzcks4UUcPxKYvpAj32t5Mg1v6HSxoF,0,84.32.70.8:9001,-303668,-51.7,bittensor,-0.0148,0,0.497,33493,8226,miners,79,174,-303668,-51.7,1,-1.76e-9,3460499,0,0,0.137,20260521_0718,validator_metrics,9203380,-129993,4091794,0,5EWwdZB7qCCMaAso5Mzcks4UUcPxKYvpAj32t5Mg1v6HSxoF,1.00
2026-05-27 10:00:14.000,miners,1,36,160043,64151,6250,0,0,0.393,79,5EWwdZB7qCCMaAso5Mzcks4UUcPxKYvpAj32t5Mg1v6HSxoF,0,84.32.70.8:9001,-243933,-28.4,bittensor,-0.0151,0,0.497,89237,33207,miners,79,151,-243933,-28.4,1,-2.64e-9,4356060,0,0,0.225,20260521_0718,validator_metrics,20485567,-195616,8211327,0,5EWwdZB7qCCMaAso5Mzcks4UUcPxKYvpAj32t5Mg1v6HSxoF,1.00
2026-05-27 10:00:14.000,miners,1,37,160575,75303,9682,0,0,0.393,79,5EWwdZB7qCCMaAso5Mzcks4UUcPxKYvpAj32t5Mg1v6HSxoF,0,84.32.70.8:9001,-211308,-53.0,bittensor,-0.0136,0,0.497,80879,30158,miners,79,146,-211308,-53.0,1,-1.54e-9,3400051,0,0,0.231,20260521_0718,validator_metrics,20553588,-124464,9638786,0,5EWwdZB7qCCMaAso5Mzcks4UUcPxKYvpAj32t5Mg1v6HSxoF,1.00
2026-05-27 10:00:14.000,miners,1,38,404152,188475,19429,0,0,0.395,79,5EWwdZB7qCCMaAso5Mzcks4UUcPxKYvpAj32t5Mg1v6HSxoF,0,84.32.70.8:9001,-225251,-91.9,bittensor,-0.00257,0,0.499,181544,75417,miners,79,40,-225251,-91.9,1,-2.68e-11,555828,0,0,1.01,20260521_0718,validator_metrics,51731489,6897,24124842,0,5EWwdZB7qCCMaAso5Mzcks4UUcPxKYvpAj32t5Mg1v6HSxoF,1.00
2026-05-27 10:00:14.000,miners,1,39,345648,162433,15632,0,0,0.395,79,5EWwdZB7qCCMaAso5Mzcks4UUcPxKYvpAj32t5Mg1v6HSxoF,0,84.32.70.8:9001,-210569,-86.2,bittensor,-0.000282,0,0.500,104421,37580,miners,79,34,-210569,-86.2,1,-5.53e-12,1657506,0,0,1.12,20260521_0718,validator_metrics,44242916,11119,20791371,0,5EWwdZB7qCCMaAso5Mzcks4UUcPxKYvpAj32t5Mg1v6HSxoF,1.00
2026-05-27 10:00:14.000,miners,1,4,64366,18296,19256,0,0,0.380,79,5EWwdZB7qCCMaAso5Mzcks4UUcPxKYvpAj32t5Mg1v6HSxoF,0,84.32.70.8:9001,-394649,-99.2,bittensor,0.0240,0.0238,0.481,1060,154,miners,79,15,-394649,-99.2,1,-4.95e-12,596382,0,0,2.60,20260521_0718,validator_metrics,8238821,12515,2341860,0,5EWwdZB7qCCMaAso5Mzcks4UUcPxKYvpAj32t5Mg1v6HSxoF,1.00
2026-05-27 10:00:14.000,miners,1,40,96333,48015,8098,0,0,0.395,79,5EWwdZB7qCCMaAso5Mzcks4UUcPxKYvpAj32t5Mg1v6HSxoF,0,84.32.70.8:9001,-90186,-39.3,bittensor,-0.00119,0,0.500,37588,18674,miners,79,42,-90186,-39.3,1,-5.13e-12,3967678,0,0,0.969,20260521_0718,validator_metrics,12330632,-1255,6145962,0,5EWwdZB7qCCMaAso5Mzcks4UUcPxKYvpAj32t5Mg1v6HSxoF,1.00
2026-05-27 10:00:14.000,miners,1,41,315220,150967,11074,0,0,0.396,79,5EWwdZB7qCCMaAso5Mzcks4UUcPxKYvpAj32t5Mg1v6HSxoF,0,84.32.70.8:9001,-170461,-52.8,bittensor,0.00691,0,0.501,60703,26472,miners,79,22,-170461,-52.8,1,5.57e-11,3004528,0,0,1.69,20260521_0718,validator_metrics,40348180,4890,19323733,0,5EWwdZB7qCCMaAso5Mzcks4UUcPxKYvpAj32t5Mg1v6HSxoF,1.00
2026-05-27 10:00:14.000,miners,1,42,87347,39483,9105,0,0,0.393,79,5EWwdZB7qCCMaAso5Mzcks4UUcPxKYvpAj32t5Mg1v6HSxoF,0,84.32.70.8:9001,-293885,-45.8,bittensor,-0.0146,0,0.497,43705,13235,miners,79,173,-293885,-45.8,1,-2.03e-9,3569613,0,0,0.138,20260521_0718,validator_metrics,11180397,-137419,5053832,0,5EWwdZB7qCCMaAso5Mzcks4UUcPxKYvpAj32t5Mg1v6HSxoF,1.00
2026-05-27 10:00:14.000,miners,1,44,51590,12406,19245,0,0,0.395,79,5EWwdZB7qCCMaAso5Mzcks4UUcPxKYvpAj32t5Mg1v6HSxoF,0,84.32.70.8:9001,-496668,-101,bittensor,-0.00199,0,0.500,1720,83.9,miners,79,41,-496668,-101,1,-3.17e-11,532070,0,0,1.00,20260521_0718,validator_metrics,6603472,2531,1587982,0,5EWwdZB7qCCMaAso5Mzcks4UUcPxKYvpAj32t5Mg1v6HSxoF,1.00
2026-05-27 10:00:14.000,miners,1,45,155817,63264,8837,0,0,0.393,79,5EWwdZB7qCCMaAso5Mzcks4UUcPxKYvpAj32t5Mg1v6HSxoF,0,84.32.70.8:9001,-252374,-45.1,bittensor,-0.0144,0,0.497,85407,28879,miners,79,131,-252374,-45.1,1,-2.41e-9,3596094,0,0,0.268,20260521_0718,validator_metrics,19944628,-189770,8097818,0,5EWwdZB7qCCMaAso5Mzcks4UUcPxKYvpAj32t5Mg1v6HSxoF,1.00
2026-05-27 10:00:14.000,miners,1,46,157071,72867,11044,0,0,0.393,79,5EWwdZB7qCCMaAso5Mzcks4UUcPxKYvpAj32t5Mg1v6HSxoF,0,84.32.70.8:9001,-244371,-51.9,bittensor,-0.0111,0,0.498,68091,24463,miners,79,77,-244371,-51.9,1,-1.5e-9,2964201,0,0,0.481,20260521_0718,validator_metrics,20105034,-125249,9326944,0,5EWwdZB7qCCMaAso5Mzcks4UUcPxKYvpAj32t5Mg1v6HSxoF,1.00
2026-05-27 10:00:14.000,miners,1,47,166007,79115,8872,0,0,0.393,79,5EWwdZB7qCCMaAso5Mzcks4UUcPxKYvpAj32t5Mg1v6HSxoF,0,84.32.70.8:9001,-247265,-36.9,bittensor,-0.0142,0,0.497,76509,34439,miners,79,119,-247265,-36.9,1,-2.32e-9,3592958,0,0,0.310,20260521_0718,validator_metrics,21248860,-176814,10126722,0,5EWwdZB7qCCMaAso5Mzcks4UUcPxKYvpAj32t5Mg1v6HSxoF,1.00
2026-05-27 10:00:14.000,miners,1,48,176778,82225,3651,0,0,0.398,79,5EWwdZB7qCCMaAso5Mzcks4UUcPxKYvpAj32t5Mg1v6HSxoF,0,84.32.70.8:9001,-106290,-14.3,bittensor,0.0205,0,0.504,64359,25157,miners,79,16,-106290,-14.3,1,2.63e-10,5416153,0,0,2.41,20260521_0718,validator_metrics,22627543,21677,10524809,0,5EWwdZB7qCCMaAso5Mzcks4UUcPxKYvpAj32t5Mg1v6HSxoF,1.00
2026-05-27 10:00:14.000,miners,1,49,86314,38914,9304,0,0,0.393,79,5EWwdZB7qCCMaAso5Mzcks4UUcPxKYvpAj32t5Mg1v6HSxoF,0,84.32.70.8:9001,-257262,-52.3,bittensor,-0.0141,0,0.497,43694,13110,miners,79,157,-257262,-52.3,1,-2.18e-9,3515050,0,0,0.189,20260521_0718,validator_metrics,11048190,-138713,4980957,0,5EWwdZB7qCCMaAso5Mzcks4UUcPxKYvpAj32t5Mg1v6HSxoF,1.00
2026-05-27 10:00:14.000,miners,1,51,152320,72088,10944,0,0,0.393,79,5EWwdZB7qCCMaAso5Mzcks4UUcPxKYvpAj32t5Mg1v6HSxoF,0,84.32.70.8:9001,-236930,-55.9,bittensor,-0.0117,0,0.498,64912,24978,miners,79,100,-236930,-55.9,1,-1.5e-9,2997638,0,0,0.367,20260521_0718,validator_metrics,19496982,-126544,9227202,0,5EWwdZB7qCCMaAso5Mzcks4UUcPxKYvpAj32t5Mg1v6HSxoF,1.00
2026-05-27 10:00:14.000,miners,1,52,92299,42109,8515,0,0,0.393,79,5EWwdZB7qCCMaAso5Mzcks4UUcPxKYvpAj32t5Mg1v6HSxoF,0,84.32.70.8:9001,-305182,-45.8,bittensor,-0.0145,0,0.497,46579,14846,miners,79,167,-305182,-45.8,1,-2.07e-9,3735374,0,0,0.156,20260521_0718,validator_metrics,11814286,-145321,5389912,0,5EWwdZB7qCCMaAso5Mzcks4UUcPxKYvpAj32t5Mg1v6HSxoF,1.00
2026-05-27 10:00:14.000,miners,1,53,91097,39719,12315,0,0,0.393,79,5EWwdZB7qCCMaAso5Mzcks4UUcPxKYvpAj32t5Mg1v6HSxoF,0,84.32.70.8:9001,-263805,-68.9,bittensor,-0.0110,0,0.498,52826,12293,miners,79,78,-263805,-68.9,1,-1.47e-9,2612688,0,0,0.464,20260521_0718,validator_metrics,11660396,-115697,5084005,0,5EWwdZB7qCCMaAso5Mzcks4UUcPxKYvpAj32t5Mg1v6HSxoF,1.00
2026-05-27 10:00:14.000,miners,1,56,53070,12996,19316,0,0,0.395,79,5EWwdZB7qCCMaAso5Mzcks4UUcPxKYvpAj32t5Mg1v6HSxoF,0,84.32.70.8:9001,-387175,-100,bittensor,-0.00102,0,0.500,1788,158,miners,79,43,-387175,-100,1,-2.67e-11,516975,0,0,0.968,20260521_0718,validator_metrics,6792906,2499,1663488,0,5EWwdZB7qCCMaAso5Mzcks4UUcPxKYvpAj32t5Mg1v6HSxoF,1.00
2026-05-27 10:00:14.000,miners,1,59,500594,243284,4065,0,0,0,79,5EWwdZB7qCCMaAso5Mzcks4UUcPxKYvpAj32t5Mg1v6HSxoF,0,84.32.70.8:9001,-150254,-18.5,bittensor,None,0,0,500005,237592,miners,79,208,-150254,-18.5,1,0,5270067,0,0,0.0173,20260521_0718,validator_metrics,64076074,0,31140356,0,5EWwdZB7qCCMaAso5Mzcks4UUcPxKYvpAj32t5Mg1v6HSxoF,1.00
2026-05-27 10:00:14.000,miners,1,6,172775,79322,3794,0,0,0.392,79,5EWwdZB7qCCMaAso5Mzcks4UUcPxKYvpAj32t5Mg1v6HSxoF,0,84.32.70.8:9001,-226785,-18.2,bittensor,-0.0161,0,0.497,79462,34025,miners,79,166,-226785,-18.2,1,-2.88e-9,5084173,0,0,0.156,20260521_0718,validator_metrics,22115179,-196861,10153177,0,5EWwdZB7qCCMaAso5Mzcks4UUcPxKYvpAj32t5Mg1v6HSxoF,1.00
2026-05-27 10:00:14.000,miners,1,60,20676,8396,9515,0,0,0.394,79,5EWwdZB7qCCMaAso5Mzcks4UUcPxKYvpAj32t5Mg1v6HSxoF,0,84.32.70.8:9001,-68177,-48.0,bittensor,-0.00600,0,0.499,10869,946,miners,79,80,-68177,-48.0,1,-8.43e-12,3560401,0,0,0.446,20260521_0718,validator_metrics,2646519,223,1074640,0,5EWwdZB7qCCMaAso5Mzcks4UUcPxKYvpAj32t5Mg1v6HSxoF,1.00
2026-05-27 10:00:14.000,miners,1,61,163027,77006,8311,0,0,0.393,79,5EWwdZB7qCCMaAso5Mzcks4UUcPxKYvpAj32t5Mg1v6HSxoF,0,84.32.70.8:9001,-239186,-42.1,bittensor,-0.0144,0,0.497,75507,32285,miners,79,139,-239186,-42.1,1,-2.39e-9,3761737,0,0,0.244,20260521_0718,validator_metrics,20867393,-177623,9856754,0,5EWwdZB7qCCMaAso5Mzcks4UUcPxKYvpAj32t5Mg1v6HSxoF,1.00
2026-05-27 10:00:14.000,miners,1,62,60377,16426,19587,0,0,0.395,79,5EWwdZB7qCCMaAso5Mzcks4UUcPxKYvpAj32t5Mg1v6HSxoF,0,84.32.70.8:9001,-397303,-103,bittensor,-0.00293,0,0.499,1985,244,miners,79,51,-397303,-103,1,-3.05e-11,437699,0,0,0.820,20260521_0718,validator_metrics,7728305,1521,2102543,0,5EWwdZB7qCCMaAso5Mzcks4UUcPxKYvpAj32t5Mg1v6HSxoF,1.00
2026-05-27 10:00:14.000,miners,1,63,84538,37994,9325,0,0,0.393,79,5EWwdZB7qCCMaAso5Mzcks4UUcPxKYvpAj32t5Mg1v6HSxoF,0,84.32.70.8:9001,-253208,-52.4,bittensor,-0.0136,0,0.497,47956,13570,miners,79,145,-253208,-52.4,1,-1.87e-9,3512146,0,0,0.236,20260521_0718,validator_metrics,10820803,-129686,4863228,0,5EWwdZB7qCCMaAso5Mzcks4UUcPxKYvpAj32t5Mg1v6HSxoF,1.00
2026-05-27 10:00:14.000,miners,1,64,80803,30384,228,0,0,0.399,79,5EWwdZB7qCCMaAso5Mzcks4UUcPxKYvpAj32t5Mg1v6HSxoF,0,84.32.70.8:9001,-4801,-0.821,bittensor,0.0257,0,0.505,38275,11541,miners,79,8,-4801,-0.821,1,8.72e-10,6488202,0,0,3.96,20260521_0718,validator_metrics,10342759,91131,3889193,0,5EWwdZB7qCCMaAso5Mzcks4UUcPxKYvpAj32t5Mg1v6HSxoF,1.00
2026-05-27 10:00:14.000,miners,1,65,156622,73005,11124,0,0,0.393,79,5EWwdZB7qCCMaAso5Mzcks4UUcPxKYvpAj32t5Mg1v6HSxoF,0,84.32.70.8:9001,-245347,-55.8,bittensor,-0.0121,0,0.498,68862,25770,miners,79,82,-245347,-55.8,1,-1.66e-9,2935491,0,0,0.433,20260521_0718,validator_metrics,20047672,-133367,9344583,0,5EWwdZB7qCCMaAso5Mzcks4UUcPxKYvpAj32t5Mg1v6HSxoF,1.00
2026-05-27 10:00:14.000,miners,1,66,169956,75045,15372,0,0,0.394,79,5EWwdZB7qCCMaAso5Mzcks4UUcPxKYvpAj32t5Mg1v6HSxoF,0,84.32.70.8:9001,-436943,-83.5,bittensor,-0.00420,0,0.499,2685,385,miners,79,70,-436943,-83.5,1,-2.95e-11,1649053,0,0,0.572,20260521_0718,validator_metrics,21754409,1840,9605738,0,5EWwdZB7qCCMaAso5Mzcks4UUcPxKYvpAj32t5Mg1v6HSxoF,1.00
2026-05-27 10:00:14.000,miners,1,67,80100,31843,1752,0,0,0.404,79,5EWwdZB7qCCMaAso5Mzcks4UUcPxKYvpAj32t5Mg1v6HSxoF,0,84.32.70.8:9001,-34132,-8.32,bittensor,0.0578,0,0.512,31202,11070,miners,79,4,-34132,-8.32,1,6.64e-10,5960837,0,0,10.2,20260521_0718,validator_metrics,10252841,62984,4075931,0,5EWwdZB7qCCMaAso5Mzcks4UUcPxKYvpAj32t5Mg1v6HSxoF,1.00
2026-05-27 10:00:14.000,miners,1,68,43656,17761,9298,0,0,0.393,79,5EWwdZB7qCCMaAso5Mzcks4UUcPxKYvpAj32t5Mg1v6HSxoF,0,84.32.70.8:9001,-304276,-51.8,bittensor,-0.0123,0,0.498,21378,4898,miners,79,108,-304276,-51.8,1,-9.3e-10,3498289,0,0,0.338,20260521_0718,validator_metrics,5587962,-83738,2273463,0,5EWwdZB7qCCMaAso5Mzcks4UUcPxKYvpAj32t5Mg1v6HSxoF,1.00
2026-05-27 10:00:14.000,miners,1,69,42211,20919,8088,0,0,0.395,79,5EWwdZB7qCCMaAso5Mzcks4UUcPxKYvpAj32t5Mg1v6HSxoF,0,84.32.70.8:9001,-83655,-41.7,bittensor,-0.000365,0,0.500,19573,9566,miners,79,38,-83655,-41.7,1,-1.55e-12,3972456,0,0,1.02,20260521_0718,validator_metrics,5402953,-634,2677673,0,5EWwdZB7qCCMaAso5Mzcks4UUcPxKYvpAj32t5Mg1v6HSxoF,1.00
2026-05-27 10:00:14.000,miners,1,70,236115,108476,14606,0,0,0.394,79,5EWwdZB7qCCMaAso5Mzcks4UUcPxKYvpAj32t5Mg1v6HSxoF,0,84.32.70.8:9001,-353890,-79.4,bittensor,-0.00407,0,0.499,22761,516,miners,79,67,-353890,-79.4,1,-2.37e-11,1896499,0,0,0.594,20260521_0718,validator_metrics,30222725,3801,13884888,0,5EWwdZB7qCCMaAso5Mzcks4UUcPxKYvpAj32t5Mg1v6HSxoF,1.00
2026-05-27 10:00:14.000,miners,1,76,105087,46223,12548,0,0,0.393,79,5EWwdZB7qCCMaAso5Mzcks4UUcPxKYvpAj32t5Mg1v6HSxoF,0,84.32.70.8:9001,-207934,-69.4,bittensor,-0.0114,0,0.498,54554,15218,miners,79,84,-207934,-69.4,1,-1.46e-9,2590545,0,0,0.428,20260521_0718,validator_metrics,13451172,-109813,5916487,0,5EWwdZB7qCCMaAso5Mzcks4UUcPxKYvpAj32t5Mg1v6HSxoF,1.00
2026-05-27 10:00:14.000,miners,1,77,32234,2569,19462,0,0,0.395,79,5EWwdZB7qCCMaAso5Mzcks4UUcPxKYvpAj32t5Mg1v6HSxoF,0,84.32.70.8:9001,-290932,-102,bittensor,0.00288,0,0.499,1072,81.6,miners,79,53,-290932,-102,1,-1.17e-11,476743,0,0,0.788,20260521_0718,validator_metrics,4125913,3464,328852,0,5EWwdZB7qCCMaAso5Mzcks4UUcPxKYvpAj32t5Mg1v6HSxoF,1.00
2026-05-27 10:00:14.000,miners,1,8,91777,41594,8936,0,0,0.393,79,5EWwdZB7qCCMaAso5Mzcks4UUcPxKYvpAj32t5Mg1v6HSxoF,0,84.32.70.8:9001,-317183,-50.0,bittensor,-0.0151,0,0.497,55263,14440,miners,79,179,-317183,-50.0,1,-2.14e-9,3601997,0,0,0.128,20260521_0718,validator_metrics,11747394,-149121,5324073,0,5EWwdZB7qCCMaAso5Mzcks4UUcPxKYvpAj32t5Mg1v6HSxoF,1.00
2026-05-27 10:00:14.000,miners,1,80,418361,194543,19364,0,0,0.395,79,5EWwdZB7qCCMaAso5Mzcks4UUcPxKYvpAj32t5Mg1v6HSxoF,0,84.32.70.8:9001,-229192,-102,bittensor,-0.00264,0,0.499,194269,69543,miners,79,49,-229192,-102,1,-4.82e-11,561395,0,0,0.845,20260521_0718,validator_metrics,53550169,7815,24901541,0,5EWwdZB7qCCMaAso5Mzcks4UUcPxKYvpAj32t5Mg1v6HSxoF,1.00
2026-05-27 10:00:14.000,miners,1,81,395590,183211,19032,0,0,0.395,79,5EWwdZB7qCCMaAso5Mzcks4UUcPxKYvpAj32t5Mg1v6HSxoF,0,84.32.70.8:9001,-175443,-97.6,bittensor,0.00315,0,0.501,111540,30201,miners,79,23,-175443,-97.6,1,-1.21e-11,716670,0,0,1.61,20260521_0718,validator_metrics,50635545,20171,23450956,0,5EWwdZB7qCCMaAso5Mzcks4UUcPxKYvpAj32t5Mg1v6HSxoF,1.00
2026-05-27 10:00:14.000,miners,1,83,88075,33750,16100,0,0,0.394,79,5EWwdZB7qCCMaAso5Mzcks4UUcPxKYvpAj32t5Mg1v6HSxoF,0,84.32.70.8:9001,-463232,-88.5,bittensor,-0.00411,0,0.499,2328,193,miners,79,69,-463232,-88.5,1,-2.55e-11,1440871,0,0,0.581,20260521_0718,validator_metrics,11273559,976,4320025,0,5EWwdZB7qCCMaAso5Mzcks4UUcPxKYvpAj32t5Mg1v6HSxoF,1.00
2026-05-27 10:00:14.000,miners,1,84,92942,42057,9571,0,0,0.393,79,5EWwdZB7qCCMaAso5Mzcks4UUcPxKYvpAj32t5Mg1v6HSxoF,0,84.32.70.8:9001,-321741,-54.4,bittensor,-0.0147,0,0.497,53021,13328,miners,79,169,-321741,-54.4,1,-1.95e-9,3409104,0,0,0.145,20260521_0718,validator_metrics,11896589,-143127,5383276,0,5EWwdZB7qCCMaAso5Mzcks4UUcPxKYvpAj32t5Mg1v6HSxoF,1.00
2026-05-27 10:00:14.000,miners,1,85,116839,48352,15533,0,0,0.394,79,5EWwdZB7qCCMaAso5Mzcks4UUcPxKYvpAj32t5Mg1v6HSxoF,0,84.32.70.8:9001,-434783,-77.2,bittensor,-0.00417,0,0.499,2388,183,miners,79,66,-434783,-77.2,1,-2.63e-11,1634249,0,0,0.596,20260521_0718,validator_metrics,14955361,2850,6189019,0,5EWwdZB7qCCMaAso5Mzcks4UUcPxKYvpAj32t5Mg1v6HSxoF,1.00
2026-05-27 10:00:14.000,miners,1,86,130701,54326,16047,0,0,0.394,79,5EWwdZB7qCCMaAso5Mzcks4UUcPxKYvpAj32t5Mg1v6HSxoF,0,84.32.70.8:9001,-457095,-88.2,bittensor,-0.00483,0,0.499,3554,257,miners,79,72,-457095,-88.2,1,-2.94e-11,1458730,0,0,0.559,20260521_0718,validator_metrics,16729764,2399,6953685,0,5EWwdZB7qCCMaAso5Mzcks4UUcPxKYvpAj32t5Mg1v6HSxoF,1.00
2026-05-27 10:00:14.000,miners,1,87,45829,18575,8908,0,0,0.393,79,5EWwdZB7qCCMaAso5Mzcks4UUcPxKYvpAj32t5Mg1v6HSxoF,0,84.32.70.8:9001,-305428,-49.3,bittensor,-0.0124,0,0.498,22012,5391,miners,79,109,-305428,-49.3,1,-1.09e-9,3610649,0,0,0.334,20260521_0718,validator_metrics,5866066,-90000,2377598,0,5EWwdZB7qCCMaAso5Mzcks4UUcPxKYvpAj32t5Mg1v6HSxoF,1.00
2026-05-27 10:00:14.000,miners,1,88,211207,91064,20103,0,0,0.395,79,5EWwdZB7qCCMaAso5Mzcks4UUcPxKYvpAj32t5Mg1v6HSxoF,0,84.32.70.8:9001,-426895,-99.7,bittensor,-0.00266,0,0.499,59633,14806,miners,79,45,-426895,-99.7,1,-3.98e-11,269323,0,0,0.922,20260521_0718,validator_metrics,27034441,2036,11656134,0,5EWwdZB7qCCMaAso5Mzcks4UUcPxKYvpAj32t5Mg1v6HSxoF,1.00
2026-05-27 10:00:14.000,miners,1,89,35871,15373,10092,0,0,0.393,79,5EWwdZB7qCCMaAso5Mzcks4UUcPxKYvpAj32t5Mg1v6HSxoF,0,84.32.70.8:9001,-180744,-50.2,bittensor,-0.0117,0,0.498,17946,7255,miners,79,88,-180744,-50.2,1,-4.79e-11,3379661,0,0,0.416,20260521_0718,validator_metrics,4591456,-8364,1967726,0,5EWwdZB7qCCMaAso5Mzcks4UUcPxKYvpAj32t5Mg1v6HSxoF,1.00
2026-05-27 10:00:14.000,miners,1,9,160271,75462,10452,0,0,0.393,79,5EWwdZB7qCCMaAso5Mzcks4UUcPxKYvpAj32t5Mg1v6HSxoF,0,84.32.70.8:9001,-244654,-53.1,bittensor,-0.0121,0,0.498,65469,24698,miners,79,99,-244654,-53.1,1,-1.85e-9,3136836,0,0,0.368,20260521_0718,validator_metrics,20514648,-146314,9659109,0,5EWwdZB7qCCMaAso5Mzcks4UUcPxKYvpAj32t5Mg1v6HSxoF,1.00
2026-05-27 10:00:14.000,miners,1,90,99221,37018,44.2,0,0,0.399,79,5EWwdZB7qCCMaAso5Mzcks4UUcPxKYvpAj32t5Mg1v6HSxoF,0,84.32.70.8:9001,159954,0.238,bittensor,0.0244,0,0.505,45952,11172,miners,79,11,159954,0.238,1,1.58e-10,6547111,0,0,3.01,20260521_0718,validator_metrics,12700255,19711,4738241,0,5EWwdZB7qCCMaAso5Mzcks4UUcPxKYvpAj32t5Mg1v6HSxoF,1.00
2026-05-27 10:00:14.000,miners,1,91,91990,41401,9156,0,0,0.393,79,5EWwdZB7qCCMaAso5Mzcks4UUcPxKYvpAj32t5Mg1v6HSxoF,0,84.32.70.8:9001,-316420,-49.6,bittensor,-0.0145,0,0.497,49674,14695,miners,79,170,-316420,-49.6,1,-2.08e-9,3531582,0,0,0.145,20260521_0718,validator_metrics,11774720,-143438,5299357,0,5EWwdZB7qCCMaAso5Mzcks4UUcPxKYvpAj32t5Mg1v6HSxoF,1.00
2026-05-27 10:00:14.000,miners,1,92,161708,75693,10043,0,0,0.393,79,5EWwdZB7qCCMaAso5Mzcks4UUcPxKYvpAj32t5Mg1v6HSxoF,0,84.32.70.8:9001,-210671,-53.1,bittensor,-0.0135,0,0.497,83735,30834,miners,79,134,-210671,-53.1,1,-1.53e-9,3299406,0,0,0.262,20260521_0718,validator_metrics,20698604,-109115,9688748,0,5EWwdZB7qCCMaAso5Mzcks4UUcPxKYvpAj32t5Mg1v6HSxoF,1.00
2026-05-27 10:00:14.000,miners,1,93,108189,48706,11761,0,0,0.393,79,5EWwdZB7qCCMaAso5Mzcks4UUcPxKYvpAj32t5Mg1v6HSxoF,0,84.32.70.8:9001,-210283,-63.8,bittensor,-0.0122,0,0.498,56279,16458,miners,79,103,-210283,-63.8,1,-1.7e-9,2818036,0,0,0.356,20260521_0718,validator_metrics,13848224,-126266,6234316,0,5EWwdZB7qCCMaAso5Mzcks4UUcPxKYvpAj32t5Mg1v6HSxoF,1.00
2026-05-27 10:00:14.000,miners,1,94,44372,17869,9137,0,0,0.393,79,5EWwdZB7qCCMaAso5Mzcks4UUcPxKYvpAj32t5Mg1v6HSxoF,0,84.32.70.8:9001,-305855,-50.9,bittensor,-0.0120,0,0.498,20905,4459,miners,79,97,-305855,-50.9,1,-8.6e-10,3545779,0,0,0.382,20260521_0718,validator_metrics,5679558,-84494,2287264,0,5EWwdZB7qCCMaAso5Mzcks4UUcPxKYvpAj32t5Mg1v6HSxoF,1.00
2026-05-27 10:00:14.000,miners,1,96,71476,31007,10423,0,0,0.393,79,5EWwdZB7qCCMaAso5Mzcks4UUcPxKYvpAj32t5Mg1v6HSxoF,0,84.32.70.8:9001,-311575,-55.1,bittensor,-0.0131,0,0.497,38542,10478,miners,79,123,-311575,-55.1,1,-1.45e-9,3154325,0,0,0.296,20260521_0718,validator_metrics,9148915,-117923,3968905,0,5EWwdZB7qCCMaAso5Mzcks4UUcPxKYvpAj32t5Mg1v6HSxoF,1.00
2026-05-27 10:00:14.000,miners,1,97,168391,68689,5223,0,0,0.393,79,5EWwdZB7qCCMaAso5Mzcks4UUcPxKYvpAj32t5Mg1v6HSxoF,0,84.32.70.8:9001,-96987,-36.5,bittensor,-0.0154,0,0.497,89095,31357,miners,79,186,-96987,-36.5,1,-9.06e-10,4799264,0,0,0.113,20260521_0718,validator_metrics,21554082,-71080,8792152,0,5EWwdZB7qCCMaAso5Mzcks4UUcPxKYvpAj32t5Mg1v6HSxoF,1.00
2026-05-27 10:00:14.000,miners,1,98,39769,13655,2612,0,0,0.406,79,5EWwdZB7qCCMaAso5Mzcks4UUcPxKYvpAj32t5Mg1v6HSxoF,0,84.32.70.8:9001,-74206,-13.3,bittensor,0.0697,0,0.514,20612,6908,miners,79,3,-74206,-13.3,1,2.12e-10,5600917,0,0,10.3,20260521_0718,validator_metrics,5090443,19563,1747873,0,5EWwdZB7qCCMaAso5Mzcks4UUcPxKYvpAj32t5Mg1v6HSxoF,1.00
2026-05-27 10:00:14.000,miners,1,99,93768,42598,9293,0,0,0.393,79,5EWwdZB7qCCMaAso5Mzcks4UUcPxKYvpAj32t5Mg1v6HSxoF,0,84.32.70.8:9001,-322359,-50.3,bittensor,-0.0153,0,0.497,50084,14721,miners,79,177,-322359,-50.3,1,-1.98e-9,3492846,0,0,0.131,20260521_0718,validator_metrics,12002291,-148934,5452502,0,5EWwdZB7qCCMaAso5Mzcks4UUcPxKYvpAj32t5Mg1v6HSxoF,1.00